type,project_id,project_name,id,label,amount,amount_ex_vat,vat_rate,percent,due_date,actual_date,milestone_id,created_at,contract_value,contract_signed_date,expenses,expected_profit,max_materials_expense,max_man_hr_expense,milestone_kind,milestone_note,month,status,opening_cash,opening_cash_as_of,min_working_capital,prob_cold_lead,prob_hot_lead,prob_under_development,prob_commissioned,fixed_monthly,category,subcategory,warehouse_lot_id,warehouse_item_id,qty,is_maintenance,event_id,intentional,actor_user_id,actor_name,action,field,old_value,new_value,summary,occurred_at,entity_type,entity_id
company,,,,,,,,,,,,,,,,,,,,,,,630000,2026-07,200000,10,40,100,100,,,,,,,,,,,,,,,,,,,
company_opex,,,,,220000,,,,,,,,,,,,,,,,2026-08,projected,,,,,,,,220000,,,,,,,,,,,,,,,,,,
company_opex,,,,,220000,,,,,,,,,,,,,,,,2026-09,projected,,,,,,,,220000,,,,,,,,,,,,,,,,,,
company_opex,,,,,220000,,,,,,,,,,,,,,,,2026-10,projected,,,,,,,,220000,,,,,,,,,,,,,,,,,,
company_opex,,,,,220000,,,,,,,,,,,,,,,,2026-11,projected,,,,,,,,220000,,,,,,,,,,,,,,,,,,
company_opex,,,,,220000,,,,,,,,,,,,,,,,2026-12,projected,,,,,,,,220000,,,,,,,,,,,,,,,,,,
company_opex,,,,,220000,,,,,,,,,,,,,,,,2027-01,projected,,,,,,,,220000,,,,,,,,,,,,,,,,,,
company_opex,,,,,220000,,,,,,,,,,,,,,,,2027-02,projected,,,,,,,,220000,,,,,,,,,,,,,,,,,,
company_opex,,,,,220000,,,,,,,,,,,,,,,,2027-03,projected,,,,,,,,220000,,,,,,,,,,,,,,,,,,
company_opex,,,,,220000,,,,,,,,,,,,,,,,2027-04,projected,,,,,,,,220000,,,,,,,,,,,,,,,,,,
company_opex,,,,,220000,,,,,,,,,,,,,,,,2027-05,projected,,,,,,,,220000,,,,,,,,,,,,,,,,,,
company_opex,,,,,220000,,,,,,,,,,,,,,,,2027-06,projected,,,,,,,,220000,,,,,,,,,,,,,,,,,,
company_opex,,,,,220000,,,,,,,,,,,,,,,,2027-07,projected,,,,,,,,220000,,,,,,,,,,,,,,,,,,
company_opex,,,,,220000,,,,,,,,,,,,,,,,2027-08,projected,,,,,,,,220000,,,,,,,,,,,,,,,,,,
company_opex,,,,,220000,,,,,,,,,,,,,,,,2027-09,projected,,,,,,,,220000,,,,,,,,,,,,,,,,,,
company_opex,,,,,220000,,,,,,,,,,,,,,,,2027-10,projected,,,,,,,,220000,,,,,,,,,,,,,,,,,,
company_opex,,,,,220000,,,,,,,,,,,,,,,,2027-11,projected,,,,,,,,220000,,,,,,,,,,,,,,,,,,
company_opex,,,,,220000,,,,,,,,,,,,,,,,2027-12,projected,,,,,,,,220000,,,,,,,,,,,,,,,,,,
company_opex,,,,,220000,,,,,,,,,,,,,,,,2028-01,projected,,,,,,,,220000,,,,,,,,,,,,,,,,,,
company_opex,,,,,220000,,,,,,,,,,,,,,,,2028-02,projected,,,,,,,,220000,,,,,,,,,,,,,,,,,,
company_opex,,,,,220000,,,,,,,,,,,,,,,,2028-03,projected,,,,,,,,220000,,,,,,,,,,,,,,,,,,
company_opex,,,,,220000,,,,,,,,,,,,,,,,2028-04,projected,,,,,,,,220000,,,,,,,,,,,,,,,,,,
company_opex,,,,,220000,,,,,,,,,,,,,,,,2028-05,projected,,,,,,,,220000,,,,,,,,,,,,,,,,,,
company_opex,,,,,220000,,,,,,,,,,,,,,,,2028-06,projected,,,,,,,,220000,,,,,,,,,,,,,,,,,,
company_opex,,,,,220000,,,,,,,,,,,,,,,,2028-07,projected,,,,,,,,220000,,,,,,,,,,,,,,,,,,
company_opex,,,,,220000,,,,,,,,,,,,,,,,2028-08,projected,,,,,,,,220000,,,,,,,,,,,,,,,,,,
company_opex,,,,,220000,,,,,,,,,,,,,,,,2028-09,projected,,,,,,,,220000,,,,,,,,,,,,,,,,,,
company_opex,,,,,220000,,,,,,,,,,,,,,,,2028-10,projected,,,,,,,,220000,,,,,,,,,,,,,,,,,,
company_opex,,,,,220000,,,,,,,,,,,,,,,,2028-11,projected,,,,,,,,220000,,,,,,,,,,,,,,,,,,
company_opex,,,,,220000,,,,,,,,,,,,,,,,2028-12,projected,,,,,,,,220000,,,,,,,,,,,,,,,,,,
company_opex,,,,,220000,,,,,,,,,,,,,,,,2029-01,projected,,,,,,,,220000,,,,,,,,,,,,,,,,,,
company_opex,,,,,220000,,,,,,,,,,,,,,,,2029-02,projected,,,,,,,,220000,,,,,,,,,,,,,,,,,,
company_opex,,,,,220000,,,,,,,,,,,,,,,,2029-03,projected,,,,,,,,220000,,,,,,,,,,,,,,,,,,
company_opex,,,,,220000,,,,,,,,,,,,,,,,2029-04,projected,,,,,,,,220000,,,,,,,,,,,,,,,,,,
company_opex,,,,,220000,,,,,,,,,,,,,,,,2029-05,projected,,,,,,,,220000,,,,,,,,,,,,,,,,,,
company_opex,,,,,220000,,,,,,,,,,,,,,,,2029-06,projected,,,,,,,,220000,,,,,,,,,,,,,,,,,,
company_opex,,,,,220000,,,,,,,,,,,,,,,,2029-07,projected,,,,,,,,220000,,,,,,,,,,,,,,,,,,
company_opex,,,,,220000,,,,,,,,,,,,,,,,2029-08,projected,,,,,,,,220000,,,,,,,,,,,,,,,,,,
company_opex,,,,,220000,,,,,,,,,,,,,,,,2029-09,projected,,,,,,,,220000,,,,,,,,,,,,,,,,,,
company_opex,,,,,220000,,,,,,,,,,,,,,,,2029-10,projected,,,,,,,,220000,,,,,,,,,,,,,,,,,,
project,9cdc40c6-77b8-4bf4-8610-83e21cfd85e7,BA Glass Sofia,,,,,,,,,,,,,,,,,,,,,,,,,,,,,,,,,,,,,,,,,,,,,,
project,28bd60c4-becc-4311-a9db-62917590546d,Royal Cement Line 1 in Egypt,,,,,,,,,,,,,,,,,,,,,,,,,,,,,,,,,,,,,,,,,,,,,,
project,b2fd32ac-9d24-4ac4-8092-a5a106618c96,Ceramika PARADYŻ from Jersey,,,,,,,,,,,,,,,,,,,,,,,,,,,,,,,,,,,,,,,,,,,,,,
project,ffa5c116-6ce2-4653-9508-1da0bb910a53,Titan Zlatna Panega,,,,,,,,,,,,,,,,,,,,,,,,,,,,,,,,,,,,,,,,,,,,,,
project,00dfd447-c3fa-4085-b87d-c73a96520219,Brikel,,,,,,,,,,,,,,,,,,,,,,,,,,,,,,,,,,,,,,,,,,,,,,
project,ee994a13-e24f-453e-bf8f-8c43f0c1b6db,FBK,,,,,,,,,,,583000,,,,,,,,,,,,,,,,,,,,,,,,,,,,,,,,,,,
payment,ee994a13-e24f-453e-bf8f-8c43f0c1b6db,FBK,40bcc400-c787-439f-b44e-94780173a38d,,174900,,,30,2026-02-02,2026-02-02,e30352de-fb84-4f14-9faa-96f945514280,2026-08-04T05:39:46.127Z,,,,,,,,,,,,,,,,,,,,,,,,,,,,,,,,,,,,
payment,ee994a13-e24f-453e-bf8f-8c43f0c1b6db,FBK,c2d90f8f-2ea1-4189-9841-11f68402c709,,174900,,,30,2027-10-01,,b37f49c3-343a-4d73-bfde-c469f21e7462,2026-08-04T05:40:11.363Z,,,,,,,,,,,,,,,,,,,,,,,,,,,,,,,,,,,,
payment,ee994a13-e24f-453e-bf8f-8c43f0c1b6db,FBK,55229b88-f6e8-41dc-befd-207de2979672,,174900,,,30,2027-10-22,,6c043b2a-7558-4262-93da-7cedc77f972d,2026-08-04T05:41:05.091Z,,,,,,,,,,,,,,,,,,,,,,,,,,,,,,,,,,,,
payment,ee994a13-e24f-453e-bf8f-8c43f0c1b6db,FBK,26e0931e-d33b-4520-b7dc-1ca5178a5aa2,,58300,,,10,2027-11-30,,0ff4e688-ffc7-46b0-b7ba-02065613c085,2026-08-04T05:41:18.599Z,,,,,,,,,,,,,,,,,,,,,,,,,,,,,,,,,,,,
expense,ee994a13-e24f-453e-bf8f-8c43f0c1b6db,FBK,fb169941-66bd-464b-9dc2-2463f5bcbb11,Stargate Stack Paymetn 1/2,52000,43333.33,0.2,,2026-09-01,,,2026-08-04T05:43:16.281Z,,,,,,,,,,,,,,,,,,,materials,,,,,,,,,,,,,,,,,
expense,ee994a13-e24f-453e-bf8f-8c43f0c1b6db,FBK,7201c602-0e4a-4a54-96b7-f99ab1312457,Â· Stargate Stack Paymetn 2/2,52000,43333.33,0.2,,2026-12-01,,,2026-08-04T05:43:37.331Z,,,,,,,,,,,,,,,,,,,materials,,,,,,,,,,,,,,,,,
project,140dfb68-fb1b-482c-8ba4-34d6c389028a,Metlen,,,,,,,,,,,8000000,,6400000,1600000,,,,,,,,,,,,,,,,,,,,,,,,,,,,,,,,
payment,140dfb68-fb1b-482c-8ba4-34d6c389028a,Metlen,63817e9e-4e22-4a31-8f35-0114b16b6dc3,Prepayment,4800000,,,60,2026-12-01,,b9e98095-fe04-4016-958a-47c550d620cb,2026-08-04T06:19:11.411Z,,,,,,,,,,,,,,,,,,,,,,,,,,,,,,,,,,,,
payment,140dfb68-fb1b-482c-8ba4-34d6c389028a,Metlen,886ff57b-51e6-433f-b34a-c714e5c3f1ef,Engineering approval,800000,,,10,2027-02-01,,438dce7c-76d7-4aa0-b4f8-c7d04a22af19,2026-08-04T06:22:55.232Z,,,,,,,,,,,,,,,,,,,,,,,,,,,,,,,,,,,,
payment,140dfb68-fb1b-482c-8ba4-34d6c389028a,Metlen,887ac5a9-3073-43ef-9688-66e22a2fd3b3,Engineering done,800000,,,10,2027-03-15,,a95b0e3a-d529-40b0-b7bb-cacd0ba348e8,2026-08-04T06:23:37.313Z,,,,,,,,,,,,,,,,,,,,,,,,,,,,,,,,,,,,
payment,140dfb68-fb1b-482c-8ba4-34d6c389028a,Metlen,58c4a1c7-3086-46da-bc44-053f17153724,FAT 4MW 1/2,400000,,,5,2028-01-04,,03080915-6989-4232-a9b0-0c037f5a4241,2026-08-04T06:25:38.965Z,,,,,,,,,,,,,,,,,,,,,,,,,,,,,,,,,,,,
payment,140dfb68-fb1b-482c-8ba4-34d6c389028a,Metlen,e041b483-cfeb-4880-b12f-4ef10cd9a88f,FAT 4MW 2/2,400000,,,5,2028-05-15,,efced869-796b-46fa-aab0-4cde491758a7,2026-08-04T06:26:32.477Z,,,,,,,,,,,,,,,,,,,,,,,,,,,,,,,,,,,,
payment,140dfb68-fb1b-482c-8ba4-34d6c389028a,Metlen,8eaf4be8-78b7-4185-9713-1a7a443c1faf,SAT 4MW 1/2,200000,,,2.5,2028-07-04,,31d24a73-27d8-43a5-81f3-76e5877d8bc6,2026-08-04T06:27:26.747Z,,,,,,,,,,,,,,,,,,,,,,,,,,,,,,,,,,,,
payment,140dfb68-fb1b-482c-8ba4-34d6c389028a,Metlen,0a64471c-0ad5-474c-8660-b37494840d4b,SAT 4MW 2/2,200000,,,2.5,2028-11-04,,6258aa14-55f7-4b90-98e8-36a3f5eef1e0,2026-08-04T06:27:55.198Z,,,,,,,,,,,,,,,,,,,,,,,,,,,,,,,,,,,,
payment,140dfb68-fb1b-482c-8ba4-34d6c389028a,Metlen,420458ea-c227-49ec-895f-a2f3fdba7f9e,FAC,400000,,,5,2028-12-05,,a0ed2b1c-ef92-4c53-ae52-d700437dc7f2,2026-08-04T06:28:37.770Z,,,,,,,,,,,,,,,,,,,,,,,,,,,,,,,,,,,,
expense,140dfb68-fb1b-482c-8ba4-34d6c389028a,Metlen,c0aeeb27-eb97-42cc-9296-58cd3f98e254,Costs Â· Prepayment,3840000,3200000,0.2,60,2027-01-01,,b9e98095-fe04-4016-958a-47c550d620cb,2026-08-04T21:02:00.000Z,,,,,,,,,,,,,,,,,,,materials,,,,,,,,,,,,,,,,,
expense,140dfb68-fb1b-482c-8ba4-34d6c389028a,Metlen,f5c94817-8686-48a4-80d7-0d9dc1c54e4f,Engineering approval,640000,533333.33,0.2,10,2027-02-01,,438dce7c-76d7-4aa0-b4f8-c7d04a22af19,2026-08-04T21:02:00.000Z,,,,,,,,,,,,,,,,,,,materials,,,,,,,,,,,,,,,,,
expense,140dfb68-fb1b-482c-8ba4-34d6c389028a,Metlen,fadd98ee-1943-4092-b3a6-4aab11f5886e,Engineering done,640000,533333.33,0.2,10,2027-03-15,,a95b0e3a-d529-40b0-b7bb-cacd0ba348e8,2026-08-04T21:02:00.000Z,,,,,,,,,,,,,,,,,,,materials,,,,,,,,,,,,,,,,,
expense,140dfb68-fb1b-482c-8ba4-34d6c389028a,Metlen,1ef5cf1c-cc9d-418b-8760-7ecd19cea2cc,FAT 4MW 1/2,320000,266666.67,0.2,5,2028-01-04,,03080915-6989-4232-a9b0-0c037f5a4241,2026-08-04T21:02:00.000Z,,,,,,,,,,,,,,,,,,,materials,,,,,,,,,,,,,,,,,
expense,140dfb68-fb1b-482c-8ba4-34d6c389028a,Metlen,4d855702-63c4-4ac1-8767-904a30b094c9,FAT 4MW 2/2,320000,266666.67,0.2,5,2028-05-15,,efced869-796b-46fa-aab0-4cde491758a7,2026-08-04T21:02:00.000Z,,,,,,,,,,,,,,,,,,,materials,,,,,,,,,,,,,,,,,
expense,140dfb68-fb1b-482c-8ba4-34d6c389028a,Metlen,ac241365-5509-44c6-a9ef-f55a0e8650d8,SAT 4MW 1/2,160000,133333.33,0.2,2.5,2028-07-04,,31d24a73-27d8-43a5-81f3-76e5877d8bc6,2026-08-04T21:02:00.000Z,,,,,,,,,,,,,,,,,,,materials,,,,,,,,,,,,,,,,,
expense,140dfb68-fb1b-482c-8ba4-34d6c389028a,Metlen,05e44880-b496-448a-be8d-b11da5692eed,SAT 4MW 2/2,160000,133333.33,0.2,2.5,2028-11-04,,6258aa14-55f7-4b90-98e8-36a3f5eef1e0,2026-08-04T21:02:00.000Z,,,,,,,,,,,,,,,,,,,materials,,,,,,,,,,,,,,,,,
expense,140dfb68-fb1b-482c-8ba4-34d6c389028a,Metlen,da3f50aa-d922-4ebb-9c61-3a0c5499efb7,FAC,320000,266666.67,0.2,5,2028-12-05,,a0ed2b1c-ef92-4c53-ae52-d700437dc7f2,2026-08-04T21:02:00.000Z,,,,,,,,,,,,,,,,,,,materials,,,,,,,,,,,,,,,,,
project,fb6aa2a2-46a3-48dd-bf78-d162a7a38219,VW Poznan,,,,,,,,,,,750000,,380000,370000,,,,,,,,,,,,,,,,,,,,,,,,,,,,,,,,
payment,fb6aa2a2-46a3-48dd-bf78-d162a7a38219,VW Poznan,c19e1e38-b205-4dd6-9e85-0d165fce8f9b,Prepayment,450000,,,60,2026-11-05,,184353bc-b2da-4d45-89e2-5f5acb92b3ec,2026-08-04T07:02:12.391Z,,,,,,,,,,,,,,,,,,,,,,,,,,,,,,,,,,,,
payment,fb6aa2a2-46a3-48dd-bf78-d162a7a38219,VW Poznan,d178e4ae-21aa-46a1-bd30-baf09edb9579,Design done,75000,,,10,2027-01-01,,16a049fc-3365-4740-890c-312bed713690,2026-08-04T07:04:59.459Z,,,,,,,,,,,,,,,,,,,,,,,,,,,,,,,,,,,,
payment,fb6aa2a2-46a3-48dd-bf78-d162a7a38219,VW Poznan,831a3573-6556-4c05-b1aa-5530cbbbbe04,Engineering done,75000,,,10,2027-02-01,,cc57191d-525d-4fbc-8afb-ea07775cc950,2026-08-04T07:05:21.010Z,,,,,,,,,,,,,,,,,,,,,,,,,,,,,,,,,,,,
payment,fb6aa2a2-46a3-48dd-bf78-d162a7a38219,VW Poznan,ee3cbd14-2253-4414-92db-b995067b806a,FAT,75000,,,10,2027-05-03,,4c33b7f2-b0e1-4b94-ad1e-64ec7c162f5f,2026-08-04T07:05:39.927Z,,,,,,,,,,,,,,,,,,,,,,,,,,,,,,,,,,,,
payment,fb6aa2a2-46a3-48dd-bf78-d162a7a38219,VW Poznan,3f508ea1-2e44-4eba-9a1a-9cbd9fbc837d,SAT,37500,,,5,2027-07-01,,0b5184d5-3750-44c5-b286-16cb5cd621f8,2026-08-04T07:06:07.399Z,,,,,,,,,,,,,,,,,,,,,,,,,,,,,,,,,,,,
payment,fb6aa2a2-46a3-48dd-bf78-d162a7a38219,VW Poznan,5a47686d-7987-4cbd-809f-289c6a0d048d,FAC,37500,,,5,2027-08-02,,5086c146-63f3-4131-b898-fcb60ded447a,2026-08-04T07:06:36.530Z,,,,,,,,,,,,,,,,,,,,,,,,,,,,,,,,,,,,
expense,fb6aa2a2-46a3-48dd-bf78-d162a7a38219,VW Poznan,5317aa2d-b1ae-4ac2-96bd-a38d74aaf9aa,Costs Â· Prepayment,228000,190000,0.2,60,2026-12-05,,184353bc-b2da-4d45-89e2-5f5acb92b3ec,2026-08-04T21:02:00.000Z,,,,,,,,,,,,,,,,,,,materials,,,,,,,,,,,,,,,,,
expense,fb6aa2a2-46a3-48dd-bf78-d162a7a38219,VW Poznan,a95e4270-868b-431c-ba02-069e41ce0a6f,Design done,38000,31666.67,0.2,10,2027-01-01,,16a049fc-3365-4740-890c-312bed713690,2026-08-04T21:02:00.000Z,,,,,,,,,,,,,,,,,,,materials,,,,,,,,,,,,,,,,,
expense,fb6aa2a2-46a3-48dd-bf78-d162a7a38219,VW Poznan,b54ea12b-b27c-4208-9344-5e45c6d120e5,Engineering done,38000,31666.67,0.2,10,2027-02-01,,cc57191d-525d-4fbc-8afb-ea07775cc950,2026-08-04T21:02:00.000Z,,,,,,,,,,,,,,,,,,,materials,,,,,,,,,,,,,,,,,
expense,fb6aa2a2-46a3-48dd-bf78-d162a7a38219,VW Poznan,7f08416b-9e05-4144-b58b-53ee5ef8cb34,FAT,38000,31666.67,0.2,10,2027-05-03,,4c33b7f2-b0e1-4b94-ad1e-64ec7c162f5f,2026-08-04T21:02:00.000Z,,,,,,,,,,,,,,,,,,,materials,,,,,,,,,,,,,,,,,
expense,fb6aa2a2-46a3-48dd-bf78-d162a7a38219,VW Poznan,3155206a-924e-465d-9091-d34c8733bc2f,SAT,19000,15833.33,0.2,5,2027-07-01,,0b5184d5-3750-44c5-b286-16cb5cd621f8,2026-08-04T21:02:00.000Z,,,,,,,,,,,,,,,,,,,materials,,,,,,,,,,,,,,,,,
expense,fb6aa2a2-46a3-48dd-bf78-d162a7a38219,VW Poznan,7ea7219f-2579-4c20-9e65-7345c30041bc,FAC,19000,15833.33,0.2,5,2027-08-02,,5086c146-63f3-4131-b898-fcb60ded447a,2026-08-04T21:02:00.000Z,,,,,,,,,,,,,,,,,,,materials,,,,,,,,,,,,,,,,,
project,6371ba92-ec34-41d1-94ac-e3e9dd0cde4f,UBE Spain,,,,,,,,,,,300000,,190000,110000,,,,,,,,,,,,,,,,,,,,,,,,,,,,,,,,
payment,6371ba92-ec34-41d1-94ac-e3e9dd0cde4f,UBE Spain,388aded7-4ee4-474e-967a-bcc213e38673,Prepayment,180000,,,60,2026-12-07,,2c0cd5ad-58c4-45dc-af29-b2e8bdf5eb7e,2026-08-04T07:16:24.168Z,,,,,,,,,,,,,,,,,,,,,,,,,,,,,,,,,,,,
payment,6371ba92-ec34-41d1-94ac-e3e9dd0cde4f,UBE Spain,5bb3b285-aca2-454c-99e7-b802f347a7d9,Design approval,30000,,,10,2027-03-01,,1141ffec-28ef-4687-a5f4-8de86b938cf7,2026-08-04T07:16:55.429Z,,,,,,,,,,,,,,,,,,,,,,,,,,,,,,,,,,,,
payment,6371ba92-ec34-41d1-94ac-e3e9dd0cde4f,UBE Spain,022eb4e2-3e3e-4a53-86b5-f387a846f0ac,Engineering done,30000,,,10,2027-05-03,,fa16988e-6a63-4d3c-be53-54567f5bebe8,2026-08-04T07:17:10.620Z,,,,,,,,,,,,,,,,,,,,,,,,,,,,,,,,,,,,
payment,6371ba92-ec34-41d1-94ac-e3e9dd0cde4f,UBE Spain,e37f46d5-f777-4e19-9f59-14ff9a68ed52,FAT,30000,,,10,2027-10-01,,783b486b-9a11-44c1-acc7-42d71d597370,2026-08-04T07:18:10.964Z,,,,,,,,,,,,,,,,,,,,,,,,,,,,,,,,,,,,
payment,6371ba92-ec34-41d1-94ac-e3e9dd0cde4f,UBE Spain,ee2ed293-e128-41c8-8b84-050f223c97f4,SAT,15000,,,5,2027-11-01,,a6cdefb2-8d75-4ad4-a0f2-3ec867936a22,2026-08-04T07:18:29.483Z,,,,,,,,,,,,,,,,,,,,,,,,,,,,,,,,,,,,
payment,6371ba92-ec34-41d1-94ac-e3e9dd0cde4f,UBE Spain,90d63ae5-aed5-40dc-8ccc-4165f746d366,FAC,15000,,,5,2027-12-01,,8ffe8b79-9e09-481f-8552-7e786a0c5bd3,2026-08-04T07:18:39.905Z,,,,,,,,,,,,,,,,,,,,,,,,,,,,,,,,,,,,
expense,6371ba92-ec34-41d1-94ac-e3e9dd0cde4f,UBE Spain,8c07a0f6-1491-47f7-9a97-4712d2ae3e32,Prepayment,114000,95000,0.2,60,2026-12-07,,2c0cd5ad-58c4-45dc-af29-b2e8bdf5eb7e,2026-08-04T21:02:00.000Z,,,,,,,,,,,,,,,,,,,materials,,,,,,,,,,,,,,,,,
expense,6371ba92-ec34-41d1-94ac-e3e9dd0cde4f,UBE Spain,1ca56e0e-204c-4596-b64f-dbb9483cea8a,Costs Â· Design approval,19000,15833.33,0.2,10,2027-04-01,,1141ffec-28ef-4687-a5f4-8de86b938cf7,2026-08-04T21:02:00.000Z,,,,,,,,,,,,,,,,,,,materials,,,,,,,,,,,,,,,,,
expense,6371ba92-ec34-41d1-94ac-e3e9dd0cde4f,UBE Spain,d3cc07c5-4430-401f-b5b8-c7961042b87e,Engineering done,19000,15833.33,0.2,10,2027-05-03,,fa16988e-6a63-4d3c-be53-54567f5bebe8,2026-08-04T21:02:00.000Z,,,,,,,,,,,,,,,,,,,materials,,,,,,,,,,,,,,,,,
expense,6371ba92-ec34-41d1-94ac-e3e9dd0cde4f,UBE Spain,4c210583-b81b-477a-801a-c72e7f2918b2,FAT,19000,15833.33,0.2,10,2027-10-01,,783b486b-9a11-44c1-acc7-42d71d597370,2026-08-04T21:02:00.000Z,,,,,,,,,,,,,,,,,,,materials,,,,,,,,,,,,,,,,,
expense,6371ba92-ec34-41d1-94ac-e3e9dd0cde4f,UBE Spain,300db751-b926-4e91-857f-cd55884987d7,SAT,9500,7916.67,0.2,5,2027-11-01,,a6cdefb2-8d75-4ad4-a0f2-3ec867936a22,2026-08-04T21:02:00.000Z,,,,,,,,,,,,,,,,,,,materials,,,,,,,,,,,,,,,,,
expense,6371ba92-ec34-41d1-94ac-e3e9dd0cde4f,UBE Spain,79a091db-b476-46e5-80f5-4cb71847e590,FAC,9500,7916.67,0.2,5,2027-12-01,,8ffe8b79-9e09-481f-8552-7e786a0c5bd3,2026-08-04T21:02:00.000Z,,,,,,,,,,,,,,,,,,,materials,,,,,,,,,,,,,,,,,
project,63dc26f0-58e3-4160-9619-c9dcabe33e7e,5MW BoP/BoS Ushgorod with N1,,,,,,,,,,,7500000,,2000000,5500000,,,,,,,,,,,,,,,,,,,,,,,,,,,,,,,,
payment,63dc26f0-58e3-4160-9619-c9dcabe33e7e,5MW BoP/BoS Ushgorod with N1,be8ceeae-fa0c-4ec1-b984-78871f4adc6c,Prepayment,4500000,,,60,2026-11-02,,9a24c164-6294-42de-958c-06030bb546b0,2026-08-04T07:50:02.511Z,,,,,,,,,,,,,,,,,,,,,,,,,,,,,,,,,,,,
payment,63dc26f0-58e3-4160-9619-c9dcabe33e7e,5MW BoP/BoS Ushgorod with N1,b930e09d-6200-431c-b0c1-1d65b78edd52,Design approval,750000,,,10,2027-03-01,,9de12942-b5ad-4c22-a872-43ca34a14900,2026-08-04T07:50:34.925Z,,,,,,,,,,,,,,,,,,,,,,,,,,,,,,,,,,,,
payment,63dc26f0-58e3-4160-9619-c9dcabe33e7e,5MW BoP/BoS Ushgorod with N1,79141cf6-d285-4ca3-9d21-b4a3da79b769,Engineering Done,750000,,,10,2027-04-01,,ec288437-dbec-4e73-9c8c-0ff0e82739cf,2026-08-04T07:51:04.416Z,,,,,,,,,,,,,,,,,,,,,,,,,,,,,,,,,,,,
payment,63dc26f0-58e3-4160-9619-c9dcabe33e7e,5MW BoP/BoS Ushgorod with N1,6514fae8-2d42-4618-adab-dfa96b740af0,FAT,750000,,,10,2028-03-01,,b33b89b8-cd58-4308-8270-5df4ce7093f9,2026-08-04T07:51:43.947Z,,,,,,,,,,,,,,,,,,,,,,,,,,,,,,,,,,,,
payment,63dc26f0-58e3-4160-9619-c9dcabe33e7e,5MW BoP/BoS Ushgorod with N1,67f3cfe7-6fb5-48b0-9990-3d6945ce9ad1,SAT,375000,,,5,2028-04-03,,ae1d7fb7-9b1e-4749-9a1c-04b2521076a1,2026-08-04T07:51:59.207Z,,,,,,,,,,,,,,,,,,,,,,,,,,,,,,,,,,,,
payment,63dc26f0-58e3-4160-9619-c9dcabe33e7e,5MW BoP/BoS Ushgorod with N1,6c999119-d4eb-408f-97ac-45125c46e790,FAC,375000,,,5,2028-05-01,,28c2b51f-d309-432d-b884-4a6ac2512fe2,2026-08-04T07:52:18.384Z,,,,,,,,,,,,,,,,,,,,,,,,,,,,,,,,,,,,
expense,63dc26f0-58e3-4160-9619-c9dcabe33e7e,5MW BoP/BoS Ushgorod with N1,5c23fb13-60a2-4600-8c78-c793e4be9f0c,Costs Â· Prepayment,1200000,1000000,0.2,60,2026-12-02,,9a24c164-6294-42de-958c-06030bb546b0,2026-08-04T21:02:00.000Z,,,,,,,,,,,,,,,,,,,materials,,,,,,,,,,,,,,,,,
expense,63dc26f0-58e3-4160-9619-c9dcabe33e7e,5MW BoP/BoS Ushgorod with N1,fadf87a6-00d4-4942-b152-bdb37778aefd,Design approval,200000,166666.67,0.2,10,2027-03-01,,9de12942-b5ad-4c22-a872-43ca34a14900,2026-08-04T21:02:00.000Z,,,,,,,,,,,,,,,,,,,materials,,,,,,,,,,,,,,,,,
expense,63dc26f0-58e3-4160-9619-c9dcabe33e7e,5MW BoP/BoS Ushgorod with N1,a9e8af8f-6658-4d75-8005-fc50f88050e2,Engineering Done,200000,166666.67,0.2,10,2027-04-01,,ec288437-dbec-4e73-9c8c-0ff0e82739cf,2026-08-04T21:02:00.000Z,,,,,,,,,,,,,,,,,,,materials,,,,,,,,,,,,,,,,,
expense,63dc26f0-58e3-4160-9619-c9dcabe33e7e,5MW BoP/BoS Ushgorod with N1,a42f1374-ebce-4f09-a378-e82e99129c5b,FAT,200000,166666.67,0.2,10,2028-03-01,,b33b89b8-cd58-4308-8270-5df4ce7093f9,2026-08-04T21:02:00.000Z,,,,,,,,,,,,,,,,,,,materials,,,,,,,,,,,,,,,,,
expense,63dc26f0-58e3-4160-9619-c9dcabe33e7e,5MW BoP/BoS Ushgorod with N1,32cde61a-fb16-4d84-819e-5840fdbf98fc,SAT,100000,83333.33,0.2,5,2028-04-03,,ae1d7fb7-9b1e-4749-9a1c-04b2521076a1,2026-08-04T21:02:00.000Z,,,,,,,,,,,,,,,,,,,materials,,,,,,,,,,,,,,,,,
expense,63dc26f0-58e3-4160-9619-c9dcabe33e7e,5MW BoP/BoS Ushgorod with N1,6002edc1-77c7-482b-855a-254da0e04f97,FAC,100000,83333.33,0.2,5,2028-05-01,,28c2b51f-d309-432d-b884-4a6ac2512fe2,2026-08-04T21:02:00.000Z,,,,,,,,,,,,,,,,,,,materials,,,,,,,,,,,,,,,,,
project,5b8c0672-de99-4b4d-a05f-043e2643a5c4,Burkhard H2 Bus Fueling Station,,,,,,,,,,,1000000,,520000,480000,,,,,,,,,,,,,,,,,,,,,,,,,,,,,,,,
payment,5b8c0672-de99-4b4d-a05f-043e2643a5c4,Burkhard H2 Bus Fueling Station,326ca741-fa4e-4575-b986-7fb39e6ef994,Prepayment,600000,,,60,2026-10-05,,a875cec1-4dc7-446f-91f0-573fdcecbb04,2026-08-04T08:45:38.161Z,,,,,,,,,,,,,,,,,,,,,,,,,,,,,,,,,,,,
payment,5b8c0672-de99-4b4d-a05f-043e2643a5c4,Burkhard H2 Bus Fueling Station,7d2f4ede-2ef3-4aeb-9795-521f1002c32a,Design approval,100000,,,10,2026-11-04,,6c14fda1-a9d4-454d-9008-7528d2abbb6b,2026-08-04T08:46:34.316Z,,,,,,,,,,,,,,,,,,,,,,,,,,,,,,,,,,,,
payment,5b8c0672-de99-4b4d-a05f-043e2643a5c4,Burkhard H2 Bus Fueling Station,c8932c18-abeb-4977-8eda-742ee9bb414b,Engineering done,100000,,,10,2026-12-01,,08783ef1-2fe1-47f1-9ccb-033336fcb456,2026-08-04T08:46:50.675Z,,,,,,,,,,,,,,,,,,,,,,,,,,,,,,,,,,,,
payment,5b8c0672-de99-4b4d-a05f-043e2643a5c4,Burkhard H2 Bus Fueling Station,ff7350bb-b95b-43a9-89ce-74803a0815de,FAT,100000,,,10,2027-02-01,,752aca25-64d9-4711-9bff-c4c5ba3f1779,2026-08-04T08:47:29.071Z,,,,,,,,,,,,,,,,,,,,,,,,,,,,,,,,,,,,
payment,5b8c0672-de99-4b4d-a05f-043e2643a5c4,Burkhard H2 Bus Fueling Station,2b8d8e31-7619-44c8-a61a-e8391b11395b,SAT,50000,,,5,2027-03-01,,8184145e-90e5-4d4f-8937-5b3fd988b524,2026-08-04T08:48:07.333Z,,,,,,,,,,,,,,,,,,,,,,,,,,,,,,,,,,,,
payment,5b8c0672-de99-4b4d-a05f-043e2643a5c4,Burkhard H2 Bus Fueling Station,38cafe2b-3c7a-4240-89c3-0f6fa92b2b48,FAC,50000,,,5,2027-04-01,,4e0fa992-f8c1-41cf-a3cc-1c437670b855,2026-08-04T08:48:26.400Z,,,,,,,,,,,,,,,,,,,,,,,,,,,,,,,,,,,,
expense,5b8c0672-de99-4b4d-a05f-043e2643a5c4,Burkhard H2 Bus Fueling Station,4c8f8de2-fc80-4272-9c7e-a6b140d9205f,Costs Â· Prepayment,330909,275757.5,0.2,63.64,2026-11-05,,a875cec1-4dc7-446f-91f0-573fdcecbb04,2026-08-04T21:14:00.000Z,,,,,,,,,,,,,,,,,,,materials,,,,,,,,,,,,,,,,,
expense,5b8c0672-de99-4b4d-a05f-043e2643a5c4,Burkhard H2 Bus Fueling Station,cd90824d-3868-4044-81a0-cbf24687a3bb,Costs Â· Design approval,47273,39394.17,0.2,9.09,2026-12-04,,6c14fda1-a9d4-454d-9008-7528d2abbb6b,2026-08-04T21:14:00.000Z,,,,,,,,,,,,,,,,,,,materials,,,,,,,,,,,,,,,,,
expense,5b8c0672-de99-4b4d-a05f-043e2643a5c4,Burkhard H2 Bus Fueling Station,d7607b5e-4d9a-445b-aeb6-1c315928ac8b,Costs Â· Engineering done,47273,39394.17,0.2,9.09,2027-01-01,,08783ef1-2fe1-47f1-9ccb-033336fcb456,2026-08-04T21:14:00.000Z,,,,,,,,,,,,,,,,,,,materials,,,,,,,,,,,,,,,,,
expense,5b8c0672-de99-4b4d-a05f-043e2643a5c4,Burkhard H2 Bus Fueling Station,bda3eab2-d029-447f-bb1d-03b7c657a41c,Costs Â· FAT,47273,39394.17,0.2,9.09,2027-03-01,,752aca25-64d9-4711-9bff-c4c5ba3f1779,2026-08-04T21:14:00.000Z,,,,,,,,,,,,,,,,,,,materials,,,,,,,,,,,,,,,,,
expense,5b8c0672-de99-4b4d-a05f-043e2643a5c4,Burkhard H2 Bus Fueling Station,20d508de-b924-4ed8-84c9-92c10b93e6ed,SAT,23636,19696.67,0.2,4.55,2027-03-01,,8184145e-90e5-4d4f-8937-5b3fd988b524,2026-08-04T21:14:00.000Z,,,,,,,,,,,,,,,,,,,materials,,,,,,,,,,,,,,,,,
expense,5b8c0672-de99-4b4d-a05f-043e2643a5c4,Burkhard H2 Bus Fueling Station,003039bf-0581-4d45-91ec-5683d146d7b5,FAC,23636,19696.67,0.2,4.55,2027-04-01,,4e0fa992-f8c1-41cf-a3cc-1c437670b855,2026-08-04T21:14:00.000Z,,,,,,,,,,,,,,,,,,,materials,,,,,,,,,,,,,,,,,
project,e021f65c-b418-4103-abe0-e6e0b3b31424,Interbudkomplex Nuclear Power Plant in Ukraine,,,,,,,,,,,496000,,200000,296000,,,,,,,,,,,,,,,,,,,,,,,,,,,,,,,,
payment,e021f65c-b418-4103-abe0-e6e0b3b31424,Interbudkomplex Nuclear Power Plant in Ukraine,efd139f0-899b-482a-aba2-77e6adb9b95a,Prepayment,297600,,,60,2027-03-20,,1b7c9990-f144-4e69-8faa-eba439f978e2,2026-08-04T11:35:23.171Z,,,,,,,,,,,,,,,,,,,,,,,,,,,,,,,,,,,,
payment,e021f65c-b418-4103-abe0-e6e0b3b31424,Interbudkomplex Nuclear Power Plant in Ukraine,8eebac6b-3707-4c26-ab81-3b6527b7d703,Design approval,49600,,,10,2027-04-20,,e9b50aa5-d997-4377-8c1c-102e800e4f98,2026-08-04T11:35:50.564Z,,,,,,,,,,,,,,,,,,,,,,,,,,,,,,,,,,,,
payment,e021f65c-b418-4103-abe0-e6e0b3b31424,Interbudkomplex Nuclear Power Plant in Ukraine,318478ac-9dd7-475e-a67f-b4f3388181f1,Engineering done,49600,,,10,2027-05-20,,c3f8f668-992d-415d-a8b7-08c6a84b204a,2026-08-04T11:38:02.369Z,,,,,,,,,,,,,,,,,,,,,,,,,,,,,,,,,,,,
payment,e021f65c-b418-4103-abe0-e6e0b3b31424,Interbudkomplex Nuclear Power Plant in Ukraine,3c078b34-0b35-46e8-9b44-57538f1f8479,FAT,49600,,,10,2027-07-20,,7e83092c-58ff-4d85-a436-68a68c06500a,2026-08-04T11:39:10.657Z,,,,,,,,,,,,,,,,,,,,,,,,,,,,,,,,,,,,
payment,e021f65c-b418-4103-abe0-e6e0b3b31424,Interbudkomplex Nuclear Power Plant in Ukraine,6f1d9b60-8938-48af-8e3c-45a545791cb5,SAT,24800,,,5,2027-08-20,,f95b5daa-6e37-4baa-a91a-a531aad98f91,2026-08-04T11:39:41.470Z,,,,,,,,,,,,,,,,,,,,,,,,,,,,,,,,,,,,
payment,e021f65c-b418-4103-abe0-e6e0b3b31424,Interbudkomplex Nuclear Power Plant in Ukraine,798883ba-7425-407d-bfb7-6e35379c9a36,FAC,24800,,,5,2027-08-20,,b3c5dfb1-5c0b-47f5-9c8c-a277a286fe67,2026-08-04T11:39:58.656Z,,,,,,,,,,,,,,,,,,,,,,,,,,,,,,,,,,,,
expense,e021f65c-b418-4103-abe0-e6e0b3b31424,Interbudkomplex Nuclear Power Plant in Ukraine,f3025e51-fe2b-4ac6-8d56-a51e82776d7f,Prepayment,120000,100000,0.2,60,2027-03-20,,1b7c9990-f144-4e69-8faa-eba439f978e2,2026-08-04T21:14:00.000Z,,,,,,,,,,,,,,,,,,,materials,,,,,,,,,,,,,,,,,
expense,e021f65c-b418-4103-abe0-e6e0b3b31424,Interbudkomplex Nuclear Power Plant in Ukraine,5ca7af15-1765-47cd-ba6f-b365f8f50756,Design approval,20000,16666.67,0.2,10,2027-04-20,,e9b50aa5-d997-4377-8c1c-102e800e4f98,2026-08-04T21:14:00.000Z,,,,,,,,,,,,,,,,,,,materials,,,,,,,,,,,,,,,,,
expense,e021f65c-b418-4103-abe0-e6e0b3b31424,Interbudkomplex Nuclear Power Plant in Ukraine,8bc5be4d-f85f-4f9c-8e60-48b3b026a567,Engineering done,20000,16666.67,0.2,10,2027-05-20,,c3f8f668-992d-415d-a8b7-08c6a84b204a,2026-08-04T21:14:00.000Z,,,,,,,,,,,,,,,,,,,materials,,,,,,,,,,,,,,,,,
expense,e021f65c-b418-4103-abe0-e6e0b3b31424,Interbudkomplex Nuclear Power Plant in Ukraine,bd4fb2e6-ce51-4919-84c0-3ae447973dd0,FAT,20000,16666.67,0.2,10,2027-07-20,,7e83092c-58ff-4d85-a436-68a68c06500a,2026-08-04T21:14:00.000Z,,,,,,,,,,,,,,,,,,,materials,,,,,,,,,,,,,,,,,
expense,e021f65c-b418-4103-abe0-e6e0b3b31424,Interbudkomplex Nuclear Power Plant in Ukraine,c368ecbf-fcc1-4208-a938-ce87e390da88,SAT,10000,8333.33,0.2,5,2027-08-20,,f95b5daa-6e37-4baa-a91a-a531aad98f91,2026-08-04T21:14:00.000Z,,,,,,,,,,,,,,,,,,,materials,,,,,,,,,,,,,,,,,
expense,e021f65c-b418-4103-abe0-e6e0b3b31424,Interbudkomplex Nuclear Power Plant in Ukraine,1a05cc89-95b6-4a4a-a8c5-f1c1031c5f3a,FAC,10000,8333.33,0.2,5,2027-08-20,,b3c5dfb1-5c0b-47f5-9c8c-a277a286fe67,2026-08-04T21:14:00.000Z,,,,,,,,,,,,,,,,,,,materials,,,,,,,,,,,,,,,,,
project,09e5e552-693f-4ece-b8f2-6e2fd6e9eeee,VW Vzesnya,,,,,,,,,,,271640,,,,,,,,,,,,,,,,,,,,,,,,,,,,,,,,,,,
payment,09e5e552-693f-4ece-b8f2-6e2fd6e9eeee,VW Vzesnya,801b7f28-4ff4-49c6-90db-4ebbf6cd3b4f,,81492,,,30,2025-10-15,2025-10-15,e0561d53-7e2f-4c3c-933b-61262df313bc,2026-08-04T05:30:50.320Z,,,,,,,,,,,,,,,,,,,,,,,,,,,,,,,,,,,,
payment,09e5e552-693f-4ece-b8f2-6e2fd6e9eeee,VW Vzesnya,82cf8ce9-c50c-40cb-9b55-68484c3e97f9,,81492,,,30,2026-02-01,2026-02-01,f43ea08f-9d53-46bc-a89e-ad7b1d752f88,2026-08-04T05:31:15.117Z,,,,,,,,,,,,,,,,,,,,,,,,,,,,,,,,,,,,
payment,09e5e552-693f-4ece-b8f2-6e2fd6e9eeee,VW Vzesnya,44007203-e843-4975-9790-7ba209b55362,,81492,,,30,2026-04-01,2026-04-01,aa22e03c-25f4-4b5a-bc15-1bf169b03733,2026-08-04T05:31:30.765Z,,,,,,,,,,,,,,,,,,,,,,,,,,,,,,,,,,,,
expense,09e5e552-693f-4ece-b8f2-6e2fd6e9eeee,VW Vzesnya,df60cf16-be2b-449e-8941-39e011ed5aae,Man-hrs,120000,100000,0.2,,2026-07-01,2026-07-01,,2026-08-04T05:32:59.077Z,,,,,,,,,,,,,,,,,,,man-hr,,,,,,,,,,,,,,,,,
expense,09e5e552-693f-4ece-b8f2-6e2fd6e9eeee,VW Vzesnya,f04d93d4-fb64-4e21-b009-81842c5d8d59,Component costs,110000,91666.67,0.2,,2026-03-01,2026-03-01,,2026-08-04T05:33:54.959Z,,,,,,,,,,,,,,,,,,,materials,,,,,,,,,,,,,,,,,
expense,09e5e552-693f-4ece-b8f2-6e2fd6e9eeee,VW Vzesnya,5db7b389-0acb-4e22-9852-653d94ccddb6,Fire extinguish system,34000,28333.33,0.2,,2026-08-15,,,2026-08-04T05:35:57.705Z,,,,,,,,,,,,,,,,,,,materials,,,,,,,,,,,,,,,,,
project,bfb5de33-420b-4811-81e5-fab089735bd0,ZF CNG replacement with H2,,,,,,,,,,,6000000,,2280000,3720000,,,,,,,,,,,,,,,,,,,,,,,,,,,,,,,,
payment,bfb5de33-420b-4811-81e5-fab089735bd0,ZF CNG replacement with H2,560bd2da-da9a-4cec-885a-d5b8d7249203,Prepayment,3600000,,,60,2027-02-01,,ce69224b-50df-4dfc-b30c-b6b0a9d726d0,2026-08-04T11:12:26.206Z,,,,,,,,,,,,,,,,,,,,,,,,,,,,,,,,,,,,
payment,bfb5de33-420b-4811-81e5-fab089735bd0,ZF CNG replacement with H2,0cdbccb0-3f08-4900-be20-4b0fc4c1acf1,Design approval,600000,,,10,2027-05-03,,0e218c9e-6626-4b5e-b993-578d1d558600,2026-08-04T11:13:00.315Z,,,,,,,,,,,,,,,,,,,,,,,,,,,,,,,,,,,,
payment,bfb5de33-420b-4811-81e5-fab089735bd0,ZF CNG replacement with H2,d42f6db7-738e-4609-b85d-10355feac880,Engineering done,600000,,,10,2027-07-01,,1aaa9b9e-5743-406f-a743-2ff9048d7d49,2026-08-04T11:13:34.475Z,,,,,,,,,,,,,,,,,,,,,,,,,,,,,,,,,,,,
payment,bfb5de33-420b-4811-81e5-fab089735bd0,ZF CNG replacement with H2,57d0dbc4-a1aa-4cc5-ba27-0008332a5939,FAT,600000,,,10,2027-12-01,,786ecc6a-0b01-4bf9-b387-585cba9b7a53,2026-08-04T11:14:02.028Z,,,,,,,,,,,,,,,,,,,,,,,,,,,,,,,,,,,,
payment,bfb5de33-420b-4811-81e5-fab089735bd0,ZF CNG replacement with H2,a954aa9a-afe5-44fd-b59d-75d96427e71b,SAT,300000,,,5,2028-01-01,,7f52eed7-3666-4ed6-b66e-6c11adc9316d,2026-08-04T11:14:28.813Z,,,,,,,,,,,,,,,,,,,,,,,,,,,,,,,,,,,,
payment,bfb5de33-420b-4811-81e5-fab089735bd0,ZF CNG replacement with H2,291e08f4-d42b-4616-9b88-6738143b441c,FAC,300000,,,5,2028-02-01,,176d0d32-9f4f-4f80-9272-272c732f47c0,2026-08-04T11:14:44.794Z,,,,,,,,,,,,,,,,,,,,,,,,,,,,,,,,,,,,
expense,bfb5de33-420b-4811-81e5-fab089735bd0,ZF CNG replacement with H2,20b1ca5a-303a-4ed4-b9a1-ecb724eaa6f0,Prepayment,1368000,1140000,0.2,60,2027-02-01,,ce69224b-50df-4dfc-b30c-b6b0a9d726d0,2026-08-04T21:14:00.000Z,,,,,,,,,,,,,,,,,,,materials,,,,,,,,,,,,,,,,,
expense,bfb5de33-420b-4811-81e5-fab089735bd0,ZF CNG replacement with H2,a1c349e6-9da1-4eb3-b2b4-849f40b9c3a9,Design approval,228000,190000,0.2,10,2027-05-03,,0e218c9e-6626-4b5e-b993-578d1d558600,2026-08-04T21:14:00.000Z,,,,,,,,,,,,,,,,,,,materials,,,,,,,,,,,,,,,,,
expense,bfb5de33-420b-4811-81e5-fab089735bd0,ZF CNG replacement with H2,f2dcc5ac-154c-4f02-8f17-ae8a2398885f,Engineering done,228000,190000,0.2,10,2027-07-01,,1aaa9b9e-5743-406f-a743-2ff9048d7d49,2026-08-04T21:14:00.000Z,,,,,,,,,,,,,,,,,,,materials,,,,,,,,,,,,,,,,,
expense,bfb5de33-420b-4811-81e5-fab089735bd0,ZF CNG replacement with H2,382c4754-f84a-4b71-95b6-aeb5fc386983,FAT,228000,190000,0.2,10,2027-12-01,,786ecc6a-0b01-4bf9-b387-585cba9b7a53,2026-08-04T21:14:00.000Z,,,,,,,,,,,,,,,,,,,materials,,,,,,,,,,,,,,,,,
expense,bfb5de33-420b-4811-81e5-fab089735bd0,ZF CNG replacement with H2,9dab7f5d-c548-4a7d-92cf-48a7f5295509,SAT,114000,95000,0.2,5,2028-01-01,,7f52eed7-3666-4ed6-b66e-6c11adc9316d,2026-08-04T21:14:00.000Z,,,,,,,,,,,,,,,,,,,materials,,,,,,,,,,,,,,,,,
expense,bfb5de33-420b-4811-81e5-fab089735bd0,ZF CNG replacement with H2,a010d346-2abb-4c41-805f-b00069abc1e4,FAC,114000,95000,0.2,5,2028-02-01,,176d0d32-9f4f-4f80-9272-272c732f47c0,2026-08-04T21:14:00.000Z,,,,,,,,,,,,,,,,,,,materials,,,,,,,,,,,,,,,,,
project,565a7c30-5d0d-4744-b069-a6a1ea0e4ce2,N1 - LE Power Clean H2 Production,,,,,,,,,,,2000000,,,,1150000,,,,,,,,,,,,,,,,,,,,,,,,,,,,,,,
payment,565a7c30-5d0d-4744-b069-a6a1ea0e4ce2,N1 - LE Power Clean H2 Production,dbcb8424-d49c-47e4-adf3-e5ebebbd619b,,800000,,,40,2026-05-01,2026-05-01,f841d3e4-700f-4952-ae7c-1a44124b943f,2026-08-04T05:45:21.985Z,,,,,,,,,,,,,,,,,,,,,,,,,,,,,,,,,,,,
payment,565a7c30-5d0d-4744-b069-a6a1ea0e4ce2,N1 - LE Power Clean H2 Production,2d1a4a07-a375-45e5-9062-404a2fb2fc16,,200000,,,10,2026-12-01,,7af4ce42-f92e-4e21-b037-eff6d55572a9,2026-08-04T05:45:38.433Z,,,,,,,,,,,,,,,,,,,,,,,,,,,,,,,,,,,,
payment,565a7c30-5d0d-4744-b069-a6a1ea0e4ce2,N1 - LE Power Clean H2 Production,30f118af-2048-45e2-af2e-f229f96fbd82,FAT,600000,,,30,2027-05-01,,2ade32eb-e8f9-437f-82bb-a5f1f666c7a2,2026-08-04T05:45:52.337Z,,,,,,,,,,,,,,,,,,,,,,,,,,,,,,,,,,,,
payment,565a7c30-5d0d-4744-b069-a6a1ea0e4ce2,N1 - LE Power Clean H2 Production,1e1333d0-7088-4cfc-bd97-ed525c929d63,Done,400000,,,20,2027-06-04,,e1991f60-c3ee-4f71-9f88-ed6b147f9620,2026-08-04T05:46:09.097Z,,,,,,,,,,,,,,,,,,,,,,,,,,,,,,,,,,,,
expense,565a7c30-5d0d-4744-b069-a6a1ea0e4ce2,N1 - LE Power Clean H2 Production,86e56eeb-2323-4a92-9ee8-beaed85718cc,Component costs 3/10,152000,126666.67,0.2,,2026-10-01,,,2026-08-04T05:52:17.531Z,,,,,,,,,,,,,,,,,,,materials,,,,,,,,,,,,,,,,,
expense,565a7c30-5d0d-4744-b069-a6a1ea0e4ce2,N1 - LE Power Clean H2 Production,03d432a5-9991-4cd3-bae2-2b0e5f3ae30f,Component costs 5/10,152000,126666.67,0.2,,2026-11-01,,,2026-08-04T05:52:45.974Z,,,,,,,,,,,,,,,,,,,materials,,,,,,,,,,,,,,,,,
expense,565a7c30-5d0d-4744-b069-a6a1ea0e4ce2,N1 - LE Power Clean H2 Production,ea878e3b-730d-4173-a4c1-15dee03ad6af,Component costs 6/10,152000,126666.67,0.2,,2026-12-01,,,2026-08-04T05:53:24.625Z,,,,,,,,,,,,,,,,,,,materials,,,,,,,,,,,,,,,,,
expense,565a7c30-5d0d-4744-b069-a6a1ea0e4ce2,N1 - LE Power Clean H2 Production,6e8f2f6d-0756-49e3-81e0-7511a9cf9311,Component costs 7/10,152000,126666.67,0.2,,2027-01-01,,,2026-08-04T05:53:48.677Z,,,,,,,,,,,,,,,,,,,materials,,,,,,,,,,,,,,,,,
expense,565a7c30-5d0d-4744-b069-a6a1ea0e4ce2,N1 - LE Power Clean H2 Production,c19ded40-e0d2-465e-8de5-a369a8859c03,Component costs 8/10,152000,126666.67,0.2,,2027-02-01,,,2026-08-04T05:54:04.409Z,,,,,,,,,,,,,,,,,,,materials,,,,,,,,,,,,,,,,,
expense,565a7c30-5d0d-4744-b069-a6a1ea0e4ce2,N1 - LE Power Clean H2 Production,2e99bd74-b0af-4609-bd00-dad8b4206e8e,Component costs 9/10,152000,126666.67,0.2,,2027-03-01,,,2026-08-04T05:54:22.238Z,,,,,,,,,,,,,,,,,,,materials,,,,,,,,,,,,,,,,,
expense,565a7c30-5d0d-4744-b069-a6a1ea0e4ce2,N1 - LE Power Clean H2 Production,4fb98863-1ee7-411c-8cc4-1e5f7b3d7c82,Component costs 10/10,152000,126666.67,0.2,,2027-04-01,,,2026-08-04T05:54:39.537Z,,,,,,,,,,,,,,,,,,,materials,,,,,,,,,,,,,,,,,
expense,565a7c30-5d0d-4744-b069-a6a1ea0e4ce2,N1 - LE Power Clean H2 Production,18168f15-4f6d-4e11-902f-b013ad3230a0,Additional MV transformer,280000,233333.33,0.2,,2026-08-15,,,2026-08-04T05:55:46.409Z,,,,,,,,,,,,,,,,,,,materials,,,,,,,,,,,,,,,,,
project,e1509a3b-613c-4846-a411-87e5ab388326,5MW BoS/BoP for Inver with Stargate,,,,,,,,,,,2800000,,2000000,800000,,,,,,,,,,,,,,,,,,,,,,,,,,,,,,,,
payment,e1509a3b-613c-4846-a411-87e5ab388326,5MW BoS/BoP for Inver with Stargate,8c366f05-6f66-4e5b-a1e6-ac1717591f38,Prepayment,1680000,,,60,2026-11-02,,cea9bdda-5dd6-4b0f-a415-fb02d1dbcd63,2026-08-04T11:18:53.559Z,,,,,,,,,,,,,,,,,,,,,,,,,,,,,,,,,,,,
payment,e1509a3b-613c-4846-a411-87e5ab388326,5MW BoS/BoP for Inver with Stargate,2a633a59-9135-4b4c-9dec-e465823bb5ec,Design approval,280000,,,10,2027-03-01,,2fca3233-6211-46f9-a617-ea7b5a74cc9c,2026-08-04T11:19:13.592Z,,,,,,,,,,,,,,,,,,,,,,,,,,,,,,,,,,,,
payment,e1509a3b-613c-4846-a411-87e5ab388326,5MW BoS/BoP for Inver with Stargate,cd9ef615-33ec-4e49-b103-e9c37fc252b6,Engineering done,280000,,,10,2027-04-01,,27d8cc8e-6791-46bd-aaf5-1b968fb6a02b,2026-08-04T11:19:31.956Z,,,,,,,,,,,,,,,,,,,,,,,,,,,,,,,,,,,,
payment,e1509a3b-613c-4846-a411-87e5ab388326,5MW BoS/BoP for Inver with Stargate,bbeeca8d-c96a-4d73-ad55-67718acf0041,FAT,280000,,,10,2028-03-04,,5c15462d-a84b-49f2-9df1-1c58b5d228b1,2026-08-04T11:20:06.380Z,,,,,,,,,,,,,,,,,,,,,,,,,,,,,,,,,,,,
payment,e1509a3b-613c-4846-a411-87e5ab388326,5MW BoS/BoP for Inver with Stargate,afbe35fb-2415-4c2a-a6fd-e43b5eef75d1,SAT,140000,,,5,2028-04-03,,bf1bc35e-18a7-4a3f-8c54-2fd8f50433e5,2026-08-04T11:20:38.236Z,,,,,,,,,,,,,,,,,,,,,,,,,,,,,,,,,,,,
payment,e1509a3b-613c-4846-a411-87e5ab388326,5MW BoS/BoP for Inver with Stargate,32561095-5614-46f8-b670-bbc7e5669564,FAC,140000,,,5,2028-05-01,,bff887e5-9d3f-4d86-ac77-4471d5fc0a75,2026-08-04T11:20:58.361Z,,,,,,,,,,,,,,,,,,,,,,,,,,,,,,,,,,,,
expense,e1509a3b-613c-4846-a411-87e5ab388326,5MW BoS/BoP for Inver with Stargate,f2392e93-6ff6-45f2-9d19-5e46a12b7791,Costs Â· Prepayment,1200000,1000000,0.2,60,2026-12-02,,cea9bdda-5dd6-4b0f-a415-fb02d1dbcd63,2026-08-04T21:02:00.000Z,,,,,,,,,,,,,,,,,,,materials,,,,,,,,,,,,,,,,,
expense,e1509a3b-613c-4846-a411-87e5ab388326,5MW BoS/BoP for Inver with Stargate,96c8be9b-4426-44aa-b908-f12c5cf722f9,Costs Â· Design approval,200000,166666.67,0.2,10,2027-04-01,,2fca3233-6211-46f9-a617-ea7b5a74cc9c,2026-08-04T21:02:00.000Z,,,,,,,,,,,,,,,,,,,materials,,,,,,,,,,,,,,,,,
expense,e1509a3b-613c-4846-a411-87e5ab388326,5MW BoS/BoP for Inver with Stargate,a3fce42c-8ada-463c-81d6-c4a297a36f2a,Engineering done,200000,166666.67,0.2,10,2027-04-01,,27d8cc8e-6791-46bd-aaf5-1b968fb6a02b,2026-08-04T21:02:00.000Z,,,,,,,,,,,,,,,,,,,materials,,,,,,,,,,,,,,,,,
expense,e1509a3b-613c-4846-a411-87e5ab388326,5MW BoS/BoP for Inver with Stargate,93f1cf3e-e835-459a-a2df-2b3915f91462,FAT,200000,166666.67,0.2,10,2028-03-04,,5c15462d-a84b-49f2-9df1-1c58b5d228b1,2026-08-04T21:02:00.000Z,,,,,,,,,,,,,,,,,,,materials,,,,,,,,,,,,,,,,,
expense,e1509a3b-613c-4846-a411-87e5ab388326,5MW BoS/BoP for Inver with Stargate,5e5972cd-bbca-4119-b869-7399ab247a60,SAT,100000,83333.33,0.2,5,2028-04-03,,bf1bc35e-18a7-4a3f-8c54-2fd8f50433e5,2026-08-04T21:02:00.000Z,,,,,,,,,,,,,,,,,,,materials,,,,,,,,,,,,,,,,,
expense,e1509a3b-613c-4846-a411-87e5ab388326,5MW BoS/BoP for Inver with Stargate,7c469b32-492e-4481-8a49-fcfcf0b6a671,FAC,100000,83333.33,0.2,5,2028-05-01,,bff887e5-9d3f-4d86-ac77-4471d5fc0a75,2026-08-04T21:02:00.000Z,,,,,,,,,,,,,,,,,,,materials,,,,,,,,,,,,,,,,,
project,ee31a7e1-aefd-4127-ad3b-59b67c688e04,Bestway FRQ Cement Plant,,,,,,,,,,,3000000,,900000,2100000,,,,,,,,,,,,,,,,,,,,,,,,,,,,,,,,
payment,ee31a7e1-aefd-4127-ad3b-59b67c688e04,Bestway FRQ Cement Plant,15391957-9d1c-4fbe-abc2-e06dd5f3eabc,Prepayment,1200000,,,40,2026-09-10,,ce5c636a-d0d5-4ec2-8bc1-5f9570d39434,2026-08-04T11:24:48.206Z,,,,,,,,,,,,,,,,,,,,,,,,,,,,,,,,,,,,
payment,ee31a7e1-aefd-4127-ad3b-59b67c688e04,Bestway FRQ Cement Plant,10685556-91d1-4d36-b98a-03ccdcaffb1a,Design approval,300000,,,10,2026-09-20,,d808e64c-df35-47f4-a835-5492371ddfd3,2026-08-04T11:25:07.187Z,,,,,,,,,,,,,,,,,,,,,,,,,,,,,,,,,,,,
payment,ee31a7e1-aefd-4127-ad3b-59b67c688e04,Bestway FRQ Cement Plant,a1a4f547-711a-4d72-bdae-f68b51795e84,Engineering done,300000,,,10,2026-09-30,,53112704-1934-4958-91e1-2bf99ada4742,2026-08-04T11:25:19.163Z,,,,,,,,,,,,,,,,,,,,,,,,,,,,,,,,,,,,
payment,ee31a7e1-aefd-4127-ad3b-59b67c688e04,Bestway FRQ Cement Plant,1b11506b-198a-4197-b87b-a39b1688751f,FAT,600000,,,20,2026-11-02,,e61d3498-b3c7-4fb6-bf77-7e413ddbe0e4,2026-08-04T11:25:56.767Z,,,,,,,,,,,,,,,,,,,,,,,,,,,,,,,,,,,,
payment,ee31a7e1-aefd-4127-ad3b-59b67c688e04,Bestway FRQ Cement Plant,b6e279e5-f325-4a75-88a9-5c44e9af855e,SAT,300000,,,10,2026-12-01,,380a93a4-1b17-4851-91e9-fbcfdc2a0d67,2026-08-04T11:26:24.255Z,,,,,,,,,,,,,,,,,,,,,,,,,,,,,,,,,,,,
payment,ee31a7e1-aefd-4127-ad3b-59b67c688e04,Bestway FRQ Cement Plant,95dbd655-6f11-44d3-9145-35b250d48e0f,FAC,300000,,,10,2027-01-10,,6cd8e387-ddd2-4414-b5bd-ea9b06844448,2026-08-04T11:26:47.088Z,,,,,,,,,,,,,,,,,,,,,,,,,,,,,,,,,,,,
expense,ee31a7e1-aefd-4127-ad3b-59b67c688e04,Bestway FRQ Cement Plant,fe63b11c-1114-448c-bbcc-b920cde3c34e,Costs Â· Prepayment,360000,300000,0.2,40,2026-10-10,,ce5c636a-d0d5-4ec2-8bc1-5f9570d39434,2026-08-04T21:02:00.000Z,,,,,,,,,,,,,,,,,,,materials,,,,,,,,,,,,,,,,,
expense,ee31a7e1-aefd-4127-ad3b-59b67c688e04,Bestway FRQ Cement Plant,3f4af79f-66df-4a2d-ba9d-eda1af46008b,Costs Â· Design approval,90000,75000,0.2,10,2026-10-20,,d808e64c-df35-47f4-a835-5492371ddfd3,2026-08-04T21:02:00.000Z,,,,,,,,,,,,,,,,,,,materials,,,,,,,,,,,,,,,,,
expense,ee31a7e1-aefd-4127-ad3b-59b67c688e04,Bestway FRQ Cement Plant,f2411975-c6b5-4f77-a602-35781f786bcc,Costs Â· Engineering done,90000,75000,0.2,10,2026-10-30,,53112704-1934-4958-91e1-2bf99ada4742,2026-08-04T21:02:00.000Z,,,,,,,,,,,,,,,,,,,materials,,,,,,,,,,,,,,,,,
expense,ee31a7e1-aefd-4127-ad3b-59b67c688e04,Bestway FRQ Cement Plant,87ce27e9-f426-4984-855b-9402dd7525f9,Costs Â· FAT,180000,150000,0.2,20,2026-12-02,,e61d3498-b3c7-4fb6-bf77-7e413ddbe0e4,2026-08-04T21:02:00.000Z,,,,,,,,,,,,,,,,,,,materials,,,,,,,,,,,,,,,,,
expense,ee31a7e1-aefd-4127-ad3b-59b67c688e04,Bestway FRQ Cement Plant,aa479e33-4f5e-4bf6-966e-d8dfa1ddb16e,SAT,90000,75000,0.2,10,2026-12-01,,380a93a4-1b17-4851-91e9-fbcfdc2a0d67,2026-08-04T21:02:00.000Z,,,,,,,,,,,,,,,,,,,materials,,,,,,,,,,,,,,,,,
expense,ee31a7e1-aefd-4127-ad3b-59b67c688e04,Bestway FRQ Cement Plant,a814d5d4-1e34-4a01-b709-c92c5997bfca,FAC,90000,75000,0.2,10,2027-01-10,,6cd8e387-ddd2-4414-b5bd-ea9b06844448,2026-08-04T21:02:00.000Z,,,,,,,,,,,,,,,,,,,materials,,,,,,,,,,,,,,,,,
