__SOURCE_PAGE,__SOURCE_LINE,__RECORD_FORMAT,DATETIME,SEARCH,IN_NOMENCLATURE,OWNER
1749,1,1,1329637863," 1/2 1,4",,ADMIN
1749,2,1,1331664327,933920,,ADMIN
1749,3,1,1331734478,105422,,ADMIN
1749,4,1,1331734489,106703,,ADMIN
1749,5,1,1331734494,106705,,ADMIN
1749,6,1,1331734496,1067013,,ADMIN
1749,7,1,1334332535,flexi,,ADMIN
1749,8,1,1334335069,превкл,,ADMIN
1749,9,1,1334335714,512029,,ADMIN
1749,10,1,1334342080,USID120,,ADMIN
1749,11,1,1334342081,USID120---,,ADMIN
1749,12,1,1334342260,UPS (,,ADMIN
1749,13,1,1334443632,ronic a,,ADMIN
1749,14,1,1335153483,5005.00,,ADMIN
1749,15,1,1328136040,редукция,,ADMIN
1749,16,1,1328136044, редукция,,ADMIN
1749,17,1,1328136694, редукция,,ADMIN
1749,18,1,1328136891, троиник,,ADMIN
1749,19,1,1328136897, тройнок,,ADMIN
1749,20,1,1328142019, скари,,ADMIN
1749,21,1,1328142119,покачващ ъгъл за кабелна скара + капак #RSD 60.4,,ADMIN
1749,22,1,1328142221,покачващ ъгъл за кабелна скара + капак #RSD 60.4,,ADMIN
1749,23,1,1328142225,покачващ ъгъл за кабелна скара + капак,,ADMIN
1749,24,1,1328142230,покачващ ъгъл за кабелна скара,,ADMIN
1749,25,1,1328142235, покачващ ъгъл за кабелна скара,,ADMIN
1749,26,1,1328142260,покачващ ъгъл за кабелна скара + капак #RSD 60.4,,ADMIN
1749,27,1,1328142297,покачващ ъгъл за кабелна скара + капак #RSD 60.4,,ADMIN
1749,28,1,1328635476, троиник,,ADMIN
1749,29,1,1328839392, та3105,,ADMIN
1749,30,1,1328853587, 750-559,,ADMIN
1749,31,1,1328853783,750-559,,ADMIN
1749,32,1,1330257382,Съединение,,ADMIN
1749,33,1,1330736306,X0105,,ADMIN
1749,34,1,1330736311, X0105,,ADMIN
1749,35,1,1331734569,изолация,,ADMIN
1749,36,1,1331736200,108605,,ADMIN
1749,37,1,1331736216,108626,,ADMIN
1749,38,1,1334342289,UPS I-Dialog 1200VA 720W с IEC контакти,,ADMIN
1749,39,1,1334342387,MM216536--,,ADMIN
1749,40,1,1334342575,MM216382--,,ADMIN
1749,41,1,1334343730,BZ3264,,ADMIN
1749,42,1,1334443654,42302,,ADMIN
1749,43,1,1334443664,59021,,ADMIN
1749,44,1,1334443965,59021,,ADMIN
1749,45,1,1335153487,5005.00.004,,ADMIN
1749,46,1,1335153495,пРЪСТЕН,,ADMIN
1749,47,1,1335153502,пръстен,,ADMIN
1749,48,1,1335154543,IK690002,,ADMIN
1749,49,1,1335156432,XC01040108,,ADMIN
1749,50,1,1335156609,XC01040105,,ADMIN
1749,51,1,1335159398,XC01040202,,ADMIN
1749,52,1,1335160143,PT570524,,ADMIN
1749,53,1,1335161459,759-455,,ADMIN
1749,54,1,1335633949,bgh270780=8,,ADMIN
1749,55,1,1335638244,налягане,,ADMIN
1749,56,1,1335638247,наляган,,ADMIN
1749,57,1,1336334065,sdr 240,,Simeon Spasov
8055,38,1,1327259473,обезмаслител,,ADMIN
8055,39,1,1327532697, 45416,,ADMIN
8055,40,1,1327545817, 3ways,,ADMIN
8055,41,1,1327545932, hexagon,,ADMIN
8055,42,1,1327557349, 8428381186885,,ADMIN
8055,43,1,1327557356, 002025025242,,ADMIN
8055,44,1,1327557367, 8428381186885,,ADMIN
