__SOURCE_PAGE,__SOURCE_LINE,__RECORD_FORMAT,DT_CREATED,DT_CHANGED,DT_STP,DT_PLANS,DT_DOC,DT_MADE,DT_TECH,DURATION,SMETKA,FIRMA,F_CONTACT,STP_TIP,RAZPAD,SKLAD,GRUPA,STOKA,CENA_TIP,VALUTA,NOTE,OWNER,SIGN_BY,KASA,PR_GRUPA,PROPS,IS_OPEN,LV_ZA_USD,LV_ZA_DM,DM_ZA_USD,LV_ZA_1,LV_ZA_2,LV_ZA_3,LV_ZA_4,LV_ZA_5,VAR_101,ROW_101,PLN_101,WRK_101,PRD_101,BRK_101,KOLICH_PLN,KOLICH_PLN2,KOLICH_WRK,KOLICH_WRK2,KOLICH_PRD,KOLICH_PRD2,KOLICH_BRK,KOLICH_BRK2,PROD_EX
5245,6,1,45773546,1308355960,-1,0,1308355692,1308355692,45613224,0,0000000010,Металхидрид,,TP,1,2. МЕТАЛХИДРИД,Вътрешни изделия и детайли,Дъно за бутилка,1,L,,ADMIN,,Z,Бутилки Металхидрид,,,2.0,1.95583,1.02258,1.0,1.0,1.0,1.0,1.0,0,0,1,0,0,0,0.0,0.0,0.0,0.0,35.0,0.0,0.0,0.0,
5245,9,1,38387853,1307739435,-1,0,1307738898,1307738898,39161073,0,0000000006,За производство,,TP,1,Склад,Фитинги - Щуцер на резба,Щуцер за маркуч 304 1/2“,1,L,,ADMIN,,Z,,,,2.0,1.95583,1.02258,1.0,1.0,1.0,1.0,1.0,0,0,1,0,0,0,0.0,0.0,0.0,0.0,20.0,0.0,0.0,0.0,
5837,6,1,42586075,1307745158,-1,0,1307744939,1307744939,39161073,0,0000000007,За производство,,TP,1,Склад,Фитинги - Щуцер на резба,Щуцер за маркуч 304 1/2“,1,L,,ADMIN,,Z,,,,2.0,1.95583,1.02258,1.0,1.0,1.0,1.0,1.0,0,0,1,0,0,0,0.0,0.0,0.0,0.0,38.0,0.0,0.0,0.0,
5837,7,1,42586075,1307745158,41749393,0,1307745001,1307745001,39161073,0,0000000007,За производство,,PW,1,Склад,Фитинги - Щуцер на резба,Щуцер за маркуч 304 1/2“,1,L,,ADMIN,,Z,,,,2.0,1.95583,1.02258,1.0,1.0,1.0,1.0,1.0,0,-1,-1,1,0,0,-38.0,0.0,38.0,0.0,0.0,0.0,0.0,0.0,
5837,8,1,38387853,1307739435,35144420,0,1307739255,1307739255,39161073,0,0000000006,За производство,,PW,1,Склад,Фитинги - Щуцер на резба,Щуцер за маркуч 304 1/2“,1,L,,ADMIN,,Z,,,,2.0,1.95583,1.02258,1.0,1.0,1.0,1.0,1.0,0,-1,-1,1,0,0,-20.0,0.0,20.0,0.0,0.0,0.0,0.0,0.0,
5837,9,1,38387853,1307739435,44420887,0,1307739405,1307739405,39161073,0,0000000006,За производство,,WR,1,Склад,Фитинги - Щуцер на резба,Щуцер за маркуч 304 1/2“,1,L,,ADMIN,,Z,,,,2.0,1.95583,1.02258,1.0,1.0,1.0,1.0,1.0,1,0,0,-1,1,0,0.0,0.0,-20.0,0.0,20.0,0.0,0.0,0.0,
5837,13,1,42586075,1307745158,44510007,0,1307745109,1307745109,39161073,0,0000000007,За производство,,WR,1,Склад,Фитинги - Щуцер на резба,Щуцер за маркуч 304 1/2“,1,L,,ADMIN,,Z,,,,2.0,1.95583,1.02258,1.0,1.0,1.0,1.0,1.0,1,0,0,-1,1,0,0.0,0.0,-38.0,0.0,38.0,0.0,0.0,0.0,
5910,1,1,38927001,1308355980,-1,0,1308355738,1308355738,44960646,0,0000000011,Металхидрид,,TP,1,2. МЕТАЛХИДРИД,Вътрешни изделия и детайли,Тапа за бутилка,1,L,,ADMIN,,Z,Бутилки Металхидрид,,,2.0,1.95583,1.02258,1.0,1.0,1.0,1.0,1.0,0,0,1,0,0,0,0.0,0.0,0.0,0.0,35.0,0.0,0.0,0.0,
5910,4,1,47025256,1308355934,-1,0,1308355754,1308355754,45739937,0,0000000012,Металхидрид,,TP,1,2. МЕТАЛХИДРИД,Вътрешни изделия и детайли,Тяло на бутилка,1,L,,ADMIN,,Z,Бутилки Металхидрид,,,2.0,1.95583,1.02258,1.0,1.0,1.0,1.0,1.0,0,0,1,0,0,0,0.0,0.0,0.0,0.0,35.0,0.0,0.0,0.0,
5910,5,1,47025256,1308355934,38264367,0,1308355809,1308355809,45739937,0,0000000012,Металхидрид,,PW,1,2. МЕТАЛХИДРИД,Вътрешни изделия и детайли,Тяло на бутилка,1,L,,ADMIN,,Z,Бутилки Металхидрид,,,2.0,1.95583,1.02258,1.0,1.0,1.0,1.0,1.0,0,-1,-1,1,0,0,-35.0,0.0,35.0,0.0,0.0,0.0,0.0,0.0,
5910,6,1,38927001,1308355980,39452779,0,1308355828,1308355828,44960646,0,0000000011,Металхидрид,,PW,1,2. МЕТАЛХИДРИД,Вътрешни изделия и детайли,Тапа за бутилка,1,L,,ADMIN,,Z,Бутилки Металхидрид,,,2.0,1.95583,1.02258,1.0,1.0,1.0,1.0,1.0,0,-1,-1,1,0,0,-35.0,0.0,35.0,0.0,0.0,0.0,0.0,0.0,
5910,7,1,45773546,1308355960,42798440,0,1308355842,1308355842,45613224,0,0000000010,Металхидрид,,PW,1,2. МЕТАЛХИДРИД,Вътрешни изделия и детайли,Дъно за бутилка,1,L,,ADMIN,,Z,Бутилки Металхидрид,,,2.0,1.95583,1.02258,1.0,1.0,1.0,1.0,1.0,0,-1,-1,1,0,0,-35.0,0.0,35.0,0.0,0.0,0.0,0.0,0.0,
5910,8,1,47025256,1308355934,43690652,0,1308355879,1308355879,45739937,0,0000000012,Металхидрид,,WR,1,2. МЕТАЛХИДРИД,Вътрешни изделия и детайли,Тяло на бутилка,1,L,,ADMIN,,Z,Бутилки Металхидрид,,,2.0,1.95583,1.02258,1.0,1.0,1.0,1.0,1.0,1,0,0,-1,1,0,0.0,0.0,-35.0,0.0,35.0,0.0,0.0,0.0,
5910,9,1,45773546,1308355960,37167079,0,1308355939,1308355939,45613224,0,0000000010,Металхидрид,,WR,1,2. МЕТАЛХИДРИД,Вътрешни изделия и детайли,Дъно за бутилка,1,L,,ADMIN,,Z,Бутилки Металхидрид,,,2.0,1.95583,1.02258,1.0,1.0,1.0,1.0,1.0,1,0,0,-1,1,0,0.0,0.0,-35.0,0.0,35.0,0.0,0.0,0.0,
5910,10,1,38927001,1308355980,49328018,0,1308355962,1308355962,44960646,0,0000000011,Металхидрид,,WR,1,2. МЕТАЛХИДРИД,Вътрешни изделия и детайли,Тапа за бутилка,1,L,,ADMIN,,Z,Бутилки Металхидрид,,,2.0,1.95583,1.02258,1.0,1.0,1.0,1.0,1.0,1,0,0,-1,1,0,0.0,0.0,-35.0,0.0,35.0,0.0,0.0,0.0,
5910,11,1,47656930,1308356376,-1,0,1308356062,1308356062,49932569,0,0000000013,Металхидрид,,TP,1,Неактивен 2,1.3. Металхидрид,Бутилки Металхидрид - Полуготови,1,L,,ADMIN,,Z,,,,2.0,1.95583,1.02258,1.0,1.0,1.0,1.0,1.0,0,0,1,0,0,0,0.0,0.0,0.0,0.0,35.0,0.0,0.0,0.0,
5910,13,1,1306674750,1308732983,-2,0,1308652334,1306674750,0,0,,,,TT,1,Неактивен 2,Hard Tech,Платка PCB  GI1SCPU1,1,L,,ADMIN,,B,Електроника,,,2.0,1.95583,1.02258,1.0,1.0,1.0,1.0,1.0,0,0,0,0,0,0,0.0,0.0,0.0,0.0,0.0,0.0,0.0,0.0,
5910,14,1,47656930,1308356376,37660698,0,1308356091,1308356091,49932569,0,0000000013,Металхидрид,,PW,1,Неактивен 2,1.3. Металхидрид,Бутилки Металхидрид - Полуготови,1,L,,ADMIN,,Z,,,,2.0,1.95583,1.02258,1.0,1.0,1.0,1.0,1.0,0,-1,-1,1,0,0,-35.0,0.0,35.0,0.0,0.0,0.0,0.0,0.0,
5910,15,1,47656930,1308356376,41414878,0,1308356134,1308356134,49932569,0,0000000013,Металхидрид,,WR,1,Неактивен 2,1.3. Металхидрид,Бутилки Металхидрид - Полуготови,1,L,,ADMIN,,Z,,,,2.0,1.95583,1.02258,1.0,1.0,1.0,1.0,1.0,1,0,0,-1,1,0,0.0,0.0,-35.0,0.0,35.0,0.0,0.0,0.0,
5979,0,1,47048524,1308357508,-1,0,1308357315,1308357315,43187788,0,0000000014,Металхидрид,,TP,1,Неактивен 3,1.3. Металхидрид,Бутилки Металхидрид - Готови,1,L,,ADMIN,,Z,Бутилки Металхидрид,,,2.0,1.95583,1.02258,1.0,1.0,1.0,1.0,1.0,0,0,1,0,0,0,0.0,0.0,0.0,0.0,10.0,0.0,0.0,0.0,
5979,1,1,47048524,1308357508,40407933,0,1308357393,1308357393,43187788,0,0000000014,Металхидрид,,PW,1,Неактивен 3,1.3. Металхидрид,Бутилки Металхидрид - Готови,1,L,,ADMIN,,Z,Бутилки Металхидрид,,,2.0,1.95583,1.02258,1.0,1.0,1.0,1.0,1.0,0,-1,-1,1,0,0,-10.0,0.0,10.0,0.0,0.0,0.0,0.0,0.0,
5979,2,1,47048524,1308357508,48865886,0,1308357469,1308357469,43187788,0,0000000014,Металхидрид,,WR,1,Неактивен 3,1.3. Металхидрид,Бутилки Металхидрид - Готови,1,L,,ADMIN,,Z,Бутилки Металхидрид,,,2.0,1.95583,1.02258,1.0,1.0,1.0,1.0,1.0,1,0,0,-1,1,0,0.0,0.0,-10.0,0.0,10.0,0.0,0.0,0.0,
5979,4,1,39314364,1317141504,45253756,0,1317141472,1317141472,43187788,0,0000000028,Италия,,WR,1,System - 10kW Italy,1.3. Металхидрид,Бутилки Металхидрид - Готови,1,L,Ще са готови около 27-28.11,ADMIN,,Z,Бутилки Металхидрид,|101—Стопяване|,,2.0,1.95583,1.02258,1.0,1.0,1.0,1.0,1.0,1,0,0,-1,1,0,0.0,0.0,-10.0,0.0,10.0,0.0,0.0,0.0,
5979,5,1,1306674458,1308732983,-2,0,1308652363,1306674458,0,0,,,,TT,1,Неактивен 2,Hard Tech,Платка PCB  GI2OUT16,1,L,,ADMIN,,B,Електроника,,,2.0,1.95583,1.02258,1.0,1.0,1.0,1.0,1.0,0,0,0,0,0,0,0.0,0.0,0.0,0.0,0.0,0.0,0.0,0.0,
5979,6,1,1306674184,1308732983,-2,0,1308654687,1306674184,0,0,,,,TT,1,Неактивен 2,Hard Tech,Платка PCB  GI4SYS20,1,L,,ADMIN,,B,Електроника,,,2.0,1.95583,1.02258,1.0,1.0,1.0,1.0,1.0,0,0,0,0,0,0,0.0,0.0,0.0,0.0,0.0,0.0,0.0,0.0,
5979,7,1,1306673954,1308732983,-2,0,1308654706,1306673954,0,0,,,,TT,1,Неактивен 2,Hard Tech,Платка PCB  GI2SGM20,1,L,,ADMIN,,B,Електроника,,,2.0,1.95583,1.02258,1.0,1.0,1.0,1.0,1.0,0,0,0,0,0,0,0.0,0.0,0.0,0.0,0.0,0.0,0.0,0.0,
5979,9,1,39314364,1317141504,48143827,0,1310541966,1310541966,43187788,0,0000000028,Италия,,PW,1,System - 10kW Italy,1.3. Металхидрид,Бутилки Металхидрид - Готови,1,L,,ADMIN,,Z,Бутилки Металхидрид,|101—Стопяване|,,2.0,1.95583,1.02258,1.0,1.0,1.0,1.0,1.0,0,-1,-1,1,0,0,-10.0,0.0,10.0,0.0,0.0,0.0,0.0,0.0,
5979,10,1,1306673736,1308732983,-2,0,1308654714,1306673736,0,0,,,,TT,1,Неактивен 2,Hard Tech,Платка PCB  GI1UART2,1,L,,ADMIN,,B,Електроника,,,2.0,1.95583,1.02258,1.0,1.0,1.0,1.0,1.0,0,0,0,0,0,0,0.0,0.0,0.0,0.0,0.0,0.0,0.0,0.0,
5979,11,1,1306673534,1308732983,-2,0,1308654721,1306673534,0,0,,,,TT,1,Неактивен 2,Hard Tech,Платка PCB  GI2LD8AL,1,L,,ADMIN,,B,Електроника,,,2.0,1.95583,1.02258,1.0,1.0,1.0,1.0,1.0,0,0,0,0,0,0,0.0,0.0,0.0,0.0,0.0,0.0,0.0,0.0,
5979,12,1,1306673342,1308732983,-2,0,1308654730,1306673342,0,0,,,,TT,1,Неактивен 2,Hard Tech,Платка PCB  G2UART12,1,L,,ADMIN,,B,Електроника,,,2.0,1.95583,1.02258,1.0,1.0,1.0,1.0,1.0,0,0,0,0,0,0,0.0,0.0,0.0,0.0,0.0,0.0,0.0,0.0,
5979,13,1,49669910,1308634362,-1,0,1308633990,1308633990,43187788,0,0000000018,Металхидрид,,TP,1,Неактивен 3,1.3. Металхидрид,Бутилки Металхидрид - Готови,1,L,,ADMIN,,Z,Бутилки Металхидрид,,,2.0,1.95583,1.02258,1.0,1.0,1.0,1.0,1.0,0,0,1,0,0,0,0.0,0.0,0.0,0.0,15.0,0.0,0.0,0.0,
5979,14,1,1306673166,1308732983,-2,0,1308660268,1306673166,0,0,,,,TT,1,Неактивен 2,Hard Tech,Платка PCB  GI2OUT08,1,L,,ADMIN,,B,Електроника,,,2.0,1.95583,1.02258,1.0,1.0,1.0,1.0,1.0,0,0,0,0,0,0,0.0,0.0,0.0,0.0,0.0,0.0,0.0,0.0,
5979,15,1,1306673011,1308732983,-2,0,1308660276,1306673011,0,0,,,,TT,1,Неактивен 2,Hard Tech,Платка PCB  GI2OUT44,1,L,,ADMIN,,B,Електроника,,,2.0,1.95583,1.02258,1.0,1.0,1.0,1.0,1.0,0,0,0,0,0,0,0.0,0.0,0.0,0.0,0.0,0.0,0.0,0.0,
5979,16,1,1306672882,1308732983,-2,0,1308660283,1306672882,0,0,,,,TT,1,Неактивен 2,Hard Tech,Платка PCB  GI2IGLI2,1,L,,ADMIN,,B,Електроника,,,2.0,1.95583,1.02258,1.0,1.0,1.0,1.0,1.0,0,0,0,0,0,0,0.0,0.0,0.0,0.0,0.0,0.0,0.0,0.0,
5970,0,1,49669910,1308634362,46936188,0,1308634092,1308634092,43187788,0,0000000018,Металхидрид,,PW,1,Неактивен 3,1.3. Металхидрид,Бутилки Металхидрид - Готови,1,L,,ADMIN,,Z,Бутилки Металхидрид,,,2.0,1.95583,1.02258,1.0,1.0,1.0,1.0,1.0,0,-1,-1,1,0,0,-15.0,0.0,15.0,0.0,0.0,0.0,0.0,0.0,
5970,1,1,49669910,1308634362,34282710,0,1308634322,1308634322,43187788,0,0000000018,Металхидрид,,WR,1,Неактивен 3,1.3. Металхидрид,Бутилки Металхидрид - Готови,1,L,,ADMIN,,Z,Бутилки Металхидрид,,,2.0,1.95583,1.02258,1.0,1.0,1.0,1.0,1.0,1,0,0,-1,1,0,0.0,0.0,-15.0,0.0,15.0,0.0,0.0,0.0,
5970,2,1,1306672775,1308732983,-2,0,1308660291,1306672775,0,0,,,,TT,1,Неактивен 2,Hard Tech,Платка PCB  GI2IGLIU,1,L,,ADMIN,,B,Електроника,,,2.0,1.95583,1.02258,1.0,1.0,1.0,1.0,1.0,0,0,0,0,0,0,0.0,0.0,0.0,0.0,0.0,0.0,0.0,0.0,
5970,3,1,1306672696,1308732983,-2,0,1308660299,1306672696,0,0,,,,TT,1,Неактивен 2,Hard Tech,Платка PCB  GI1IN008,1,L,,ADMIN,,B,Електроника,,,2.0,1.95583,1.02258,1.0,1.0,1.0,1.0,1.0,0,0,0,0,0,0,0.0,0.0,0.0,0.0,0.0,0.0,0.0,0.0,
5970,4,1,1306672630,1308732983,-2,0,1308660361,1306672630,0,0,,,,TT,1,Неактивен 2,Hard Tech,Платка PCB  GI3CIN16,1,L,,ADMIN,,B,Електроника,,,2.0,1.95583,1.02258,1.0,1.0,1.0,1.0,1.0,0,0,0,0,0,0,0.0,0.0,0.0,0.0,0.0,0.0,0.0,0.0,
5970,5,1,1306672589,1308732983,-2,0,1308660379,1306672589,0,0,,,,TT,1,Неактивен 2,Hard Tech,Платка PCB  GI2PLCH2,1,L,,ADMIN,,B,Електроника,,,2.0,1.95583,1.02258,1.0,1.0,1.0,1.0,1.0,0,0,0,0,0,0,0.0,0.0,0.0,0.0,0.0,0.0,0.0,0.0,
5970,8,1,40113226,1310744565,-1,0,1310744448,1310744448,38528262,0,0000000031,Металхидрид,,TP,1,2. МЕТАЛХИДРИД,Вътрешни изделия и детайли,Пълнеж за бутилка,1,L,,ADMIN,,Z,,|6—Операции и разходи за 1кг. пълнеж|101—Теглене|103—2 мин.|102—Смесване на суровини|105—1 мин.|104—Стопяване в индукционна пещ|106—30 мин.|107—4 KW за 30 мин.|100—Изстиване|108—30 мин.|109—Разпрашаване|110—8 часа|113—500 литра H2|111—Зареждане на реактор|112—30 мин.|114—Пудра|115—Теглене|116—1 мин.|117—Пълнене|118—2-5 мин.|119—Затваряне|120—5 мин.|,,2.0,1.95583,1.02258,1.0,1.0,1.0,1.0,1.0,0,0,1,0,0,0,0.0,0.0,0.0,0.0,3.0,0.0,0.0,0.0,
5970,13,1,40113226,1310744565,38754772,0,1310744489,1310744489,38528262,0,0000000031,Металхидрид,,PR,1,2. МЕТАЛХИДРИД,Вътрешни изделия и детайли,Пълнеж за бутилка,1,L,,ADMIN,,Z,,|6—Операции и разходи за 1кг. пълнеж|101—Теглене|103—2 мин.|102—Смесване на суровини|105—1 мин.|104—Стопяване в индукционна пещ|106—30 мин.|107—4 KW за 30 мин.|100—Изстиване|108—30 мин.|109—Разпрашаване|110—8 часа|113—500 литра H2|111—Зареждане на реактор|112—30 мин.|114—Пудра|115—Теглене|116—1 мин.|117—Пълнене|118—2-5 мин.|119—Затваряне|120—5 мин.|,,2.0,1.95583,1.02258,1.0,1.0,1.0,1.0,1.0,1,-1,-1,0,1,0,-3.0,0.0,0.0,0.0,3.0,0.0,0.0,0.0,
6108,4,1,39161073,1317538770,-2,0,1317538721,1307737731,0,0,,,,TT,1,Склад,Фитинги - Щуцер на резба,Щуцер за маркуч 304 1/2“,1,M,,ADMIN,,Z,,|101—Челосване|103—2 мин|102—Отнемане на материал за резба|105—3 мин|104—Пробиване с 3 свредла|106—10 мин|109—Взимане на фаски|110—2 мин|114—Нарязване на резба|126—10 мин|127—Отрязване на парче|128—3 мин|129—Обръщане|130—1 час|131—Челосване|132—2 мин|133—Отнемане на материал за резба и шийки|134—9 мин|135—Нарязване на резба|136—10 мин|138—Оформяне на конус|139—4 мин|140—Взимане на фаски|141—2 мин|,,2.0,1.95583,1.02258,1.0,1.0,1.0,1.0,1.0,0,0,0,0,0,0,0.0,0.0,0.0,0.0,0.0,0.0,0.0,0.0,
6108,9,1,43987986,1317538938,-1,0,1317538777,1317538777,39161073,0,0000000045,За производство,,TP,1,0. СКЛАД - ОСНОВЕН,Фитинги - Щуцер на резба,Щуцер за маркуч 304 1/2“,1,M,,ADMIN,,Z,,|101—Челосване|103—2 мин|102—Отнемане на материал за резба|105—3 мин|104—Пробиване с 3 свредла|106—10 мин|109—Взимане на фаски|110—2 мин|114—Нарязване на резба|126—10 мин|127—Отрязване на парче|128—3 мин|129—Обръщане|130—1 час|131—Челосване|132—2 мин|133—Отнемане на материал за резба и шийки|134—9 мин|135—Нарязване на резба|136—10 мин|138—Оформяне на конус|139—4 мин|140—Взимане на фаски|141—2 мин|,,2.0,1.95583,1.02258,1.0,1.0,1.0,1.0,1.0,0,0,1,0,0,0,0.0,0.0,0.0,0.0,40.0,0.0,0.0,0.0,
6335,1,1,36654702,1315559514,44481939,0,1311533402,1311533402,47816762,0,0000000032,Златна Панега,,PW,1,2. МЕТАЛХИДРИД,Вътрешни изделия и детайли,Табло Металхидрид,1,L,,ADMIN,,Z,,,,2.0,1.95583,1.02258,1.0,1.0,1.0,1.0,1.0,0,-1,-1,1,0,0,-1.0,0.0,1.0,0.0,0.0,0.0,0.0,0.0,
6335,2,1,36654702,1315559514,45335126,0,1311533895,1311533895,47816762,0,0000000032,Златна Панега,,WR,1,2. МЕТАЛХИДРИД,Вътрешни изделия и детайли,Табло Металхидрид,1,L,,ADMIN,,Z,,,,2.0,1.95583,1.02258,1.0,1.0,1.0,1.0,1.0,1,0,0,-1,1,0,0.0,0.0,-1.0,0.0,1.0,0.0,0.0,0.0,
6335,16,1,36425042,1317656958,-1,0,1307150628,1307150628,1300860756,1300860756,0000000004,Омуртаг,,TP,1,Склад,1) Грийн Иновейшън АД,АЕМ 10 kW,1,L,Омуртаг,ADMIN,,Z,,,,2.0,1.95583,1.02258,1.0,1.0,1.0,1.0,1.0,0,0,1,0,0,0,0.0,1.0,1.0,0.0,0.0,0.0,0.0,0.0,
5895,2,1,44730875,1312135771,-1,0,1312135484,1312135551,49935511,0,0000000034,VW Полша,,TP,1,Неактивен 2,1.2.1. Части (Очиска),Демистър 4“ - Дъно,1,L,(автогенериран под-план),ADMIN,,Z,Демистър,"|101—Рязане на тръба|103—5 мин|102—Подготовка на краища|105—7 мин|104—Заваряване|106—65 мин всичко!|100—Заваряване дланец DN25 към тръба 1`(двустранен, ъглов шев)|108—30 мин|144—Заваряване на тръба и фланец към капа (челен шев вътр. и ъглов шев вън.)|145—20 мин|146—Притискане на заварено съединение, преса|147—10 мин|148—Стиковане и прихващане|149—5 мин|",,2.0,1.95583,1.02258,1.0,1.0,1.0,1.0,1.0,0,0,1,0,0,0,0.0,0.0,0.0,0.0,8.0,0.0,0.0,0.0,
5895,4,1,40169806,1312135656,-1,0,1312135484,1312135551,42937997,0,0000000035,VW Полша,,TP,1,Неактивен 2,0. Разни,Разпробита капа,1,L,(автогенериран под-план),ADMIN,,Z,Демистър,|101—Фиксиране|103—2 мин|102—Дупчене|105—4 мин|104—Калибриране на отвор|106—5 мин|109—Взимане на фаски|110—2 мин|,,2.0,1.95583,1.02258,1.0,1.0,1.0,1.0,1.0,0,0,1,0,0,0,0.0,0.0,0.0,0.0,8.0,0.0,0.0,0.0,
5895,6,1,47273863,1312136034,-1,0,1312135484,1312135484,35853460,0,0000000033,VW Полша,,TP,1,"Склад производство, 500kW",1.2.2 Съдове (Очиска),Демистър 4“,1,L,(разбит на под-планове),ADMIN,,Z,Демистър,"|101—Стиковане и точкуване на дъна към тяло|103—20 мин|102—Центриране, стиковане и прихващане на муфи|105—20 мин|104—Центриране на средна сглобка и фиксиране|106—20 мин|109—Фиксиране и прихващане на вътрешна част на 4 места|110—15 мин|114—Затваряне на капи|126—30 мин общо|115—Позициониране|117—Притискане|119—Прихващане|127—Заваряване на капи  към тяло|128—40 мин/ръчно|129—Заваряване на двете муфи|130—20 мин|131—Заваряване на среден фланец с тръба и коляно, ъглов шев|132—15 мин|133—Проход на резбите на муфи с метчик|134—20 мин|135—Елекртохимично почистване|136—20 мин|138—Измиване и изсушаване|139—20 мин|140—Заваряване планки на ъглов шев, двустранно|141—20 мин|",,2.0,1.95583,1.02258,1.0,1.0,1.0,1.0,1.0,0,0,1,0,0,0,0.0,0.0,0.0,0.0,4.0,0.0,0.0,0.0,
5895,8,1,48413636,1312135941,-1,0,1312135484,1312135551,47990845,0,0000000036,VW Полша,,TP,1,Неактивен 2,0. Разни,Среден фланец с тръба и коляно,1,L,(автогенериран под-план),ADMIN,,Z,Демистър,|101—Рязане|103—5 мин|102—Подготовка краища тръба 1`|105—7 мин|104—Заварка фланец към тръба (двустранен ъглов шев)|106—30 мин|109—Заварка челна на коляно към тръба и фланец|110—5 мин|114—Стиковане и прихващане|126—5 мин|,,2.0,1.95583,1.02258,1.0,1.0,1.0,1.0,1.0,0,0,1,0,0,0,0.0,0.0,0.0,0.0,4.0,0.0,0.0,0.0,
5895,10,1,50173966,1312135845,-1,0,1312135484,1312135551,44670355,0,0000000037,VW Полша,,TP,1,Неактивен 2,1) Грийн Иновейшън АД,"Вътрешна част(гъба,кръст,ос)",1,L,(автогенериран под-план),ADMIN,,Z,Демистър,"|101—Обезмасляване на кръст|103—12 мин общо|122—КОН, обезмаслител и изплакване|121—10 мин|123—Почистване с ацетон|124—2 мин|102—Рязане на ос|105—1 мин|104—Заваряване челно към кръст|106—2 мин|109—Нанизване на ос през центр. отвор|110—3 мин|114—Челно заваряване на ос|126—2 мин|",,2.0,1.95583,1.02258,1.0,1.0,1.0,1.0,1.0,0,0,1,0,0,0,0.0,0.0,0.0,0.0,4.0,0.0,0.0,0.0,
5895,12,1,40169806,1312135656,40874321,0,1312135576,1312135576,42937997,0,0000000035,VW Полша,,PW,1,Неактивен 2,0. Разни,Разпробита капа,1,L,(автогенериран под-план),ADMIN,,Z,Демистър,|101—Фиксиране|103—2 мин|102—Дупчене|105—4 мин|104—Калибриране на отвор|106—5 мин|109—Взимане на фаски|110—2 мин|,,2.0,1.95583,1.02258,1.0,1.0,1.0,1.0,1.0,0,-1,-1,1,0,0,-8.0,0.0,8.0,0.0,0.0,0.0,0.0,0.0,
5895,14,1,43987986,1317538938,44040911,0,1317538868,1317538868,39161073,0,0000000045,За производство,,PW,1,0. СКЛАД - ОСНОВЕН,Фитинги - Щуцер на резба,Щуцер за маркуч 304 1/2“,1,M,,ADMIN,,Z,,|101—Челосване|103—2 мин|102—Отнемане на материал за резба|105—3 мин|104—Пробиване с 3 свредла|106—10 мин|109—Взимане на фаски|110—2 мин|114—Нарязване на резба|126—10 мин|127—Отрязване на парче|128—3 мин|129—Обръщане|130—1 час|131—Челосване|132—2 мин|133—Отнемане на материал за резба и шийки|134—9 мин|135—Нарязване на резба|136—10 мин|138—Оформяне на конус|139—4 мин|140—Взимане на фаски|141—2 мин|,,2.0,1.95583,1.02258,1.0,1.0,1.0,1.0,1.0,0,-1,-1,1,0,0,-40.0,0.0,40.0,0.0,0.0,0.0,0.0,0.0,
5900,0,1,40169806,1312135656,41883175,0,1312135630,1312135630,42937997,0,0000000035,VW Полша,,WR,1,Неактивен 2,0. Разни,Разпробита капа,1,L,(автогенериран под-план),ADMIN,,Z,Демистър,|101—Фиксиране|103—2 мин|102—Дупчене|105—4 мин|104—Калибриране на отвор|106—5 мин|109—Взимане на фаски|110—2 мин|,,2.0,1.95583,1.02258,1.0,1.0,1.0,1.0,1.0,1,0,0,-1,1,0,0.0,0.0,-8.0,0.0,8.0,0.0,0.0,0.0,
5900,2,1,44730875,1312135771,43777570,0,1312135688,1312135687,49935511,0,0000000034,VW Полша,,PW,1,Неактивен 2,1.2.1. Части (Очиска),Демистър 4“ - Дъно,1,L,(автогенериран под-план),ADMIN,,Z,Демистър,"|101—Рязане на тръба|103—5 мин|102—Подготовка на краища|105—7 мин|104—Заваряване|106—65 мин всичко!|100—Заваряване дланец DN25 към тръба 1`(двустранен, ъглов шев)|108—30 мин|144—Заваряване на тръба и фланец към капа (челен шев вътр. и ъглов шев вън.)|145—20 мин|146—Притискане на заварено съединение, преса|147—10 мин|148—Стиковане и прихващане|149—5 мин|",,2.0,1.95583,1.02258,1.0,1.0,1.0,1.0,1.0,0,-1,-1,1,0,0,-8.0,0.0,8.0,0.0,0.0,0.0,0.0,0.0,
5900,4,1,44730875,1312135771,44252665,0,1312135751,1312135751,49935511,0,0000000034,VW Полша,,WR,1,Неактивен 2,1.2.1. Части (Очиска),Демистър 4“ - Дъно,1,L,(автогенериран под-план),ADMIN,,Z,Демистър,"|101—Рязане на тръба|103—5 мин|102—Подготовка на краища|105—7 мин|104—Заваряване|106—65 мин всичко!|100—Заваряване дланец DN25 към тръба 1`(двустранен, ъглов шев)|108—30 мин|144—Заваряване на тръба и фланец към капа (челен шев вътр. и ъглов шев вън.)|145—20 мин|146—Притискане на заварено съединение, преса|147—10 мин|148—Стиковане и прихващане|149—5 мин|",,2.0,1.95583,1.02258,1.0,1.0,1.0,1.0,1.0,1,0,0,-1,1,0,0.0,0.0,-8.0,0.0,8.0,0.0,0.0,0.0,
5900,6,1,50173966,1312135845,34717919,0,1312135784,1312135784,44670355,0,0000000037,VW Полша,,PW,1,Неактивен 2,1) Грийн Иновейшън АД,"Вътрешна част(гъба,кръст,ос)",1,L,(автогенериран под-план),ADMIN,,Z,Демистър,"|101—Обезмасляване на кръст|103—12 мин общо|122—КОН, обезмаслител и изплакване|121—10 мин|123—Почистване с ацетон|124—2 мин|102—Рязане на ос|105—1 мин|104—Заваряване челно към кръст|106—2 мин|109—Нанизване на ос през центр. отвор|110—3 мин|114—Челно заваряване на ос|126—2 мин|",,2.0,1.95583,1.02258,1.0,1.0,1.0,1.0,1.0,0,-1,-1,1,0,0,-4.0,0.0,4.0,0.0,0.0,0.0,0.0,0.0,
5900,8,1,50173966,1312135845,39701296,0,1312135827,1312135827,44670355,0,0000000037,VW Полша,,WR,1,Неактивен 2,1) Грийн Иновейшън АД,"Вътрешна част(гъба,кръст,ос)",1,L,(автогенериран под-план),ADMIN,,Z,Демистър,"|101—Обезмасляване на кръст|103—12 мин общо|122—КОН, обезмаслител и изплакване|121—10 мин|123—Почистване с ацетон|124—2 мин|102—Рязане на ос|105—1 мин|104—Заваряване челно към кръст|106—2 мин|109—Нанизване на ос през центр. отвор|110—3 мин|114—Челно заваряване на ос|126—2 мин|",,2.0,1.95583,1.02258,1.0,1.0,1.0,1.0,1.0,1,0,0,-1,1,0,0.0,0.0,-4.0,0.0,4.0,0.0,0.0,0.0,
5900,10,1,48413636,1312135941,41286454,0,1312135858,1312135858,47990845,0,0000000036,VW Полша,,PW,1,Неактивен 2,0. Разни,Среден фланец с тръба и коляно,1,L,(автогенериран под-план),ADMIN,,Z,Демистър,|101—Рязане|103—5 мин|102—Подготовка краища тръба 1`|105—7 мин|104—Заварка фланец към тръба (двустранен ъглов шев)|106—30 мин|109—Заварка челна на коляно към тръба и фланец|110—5 мин|114—Стиковане и прихващане|126—5 мин|,,2.0,1.95583,1.02258,1.0,1.0,1.0,1.0,1.0,0,-1,-1,1,0,0,-4.0,0.0,4.0,0.0,0.0,0.0,0.0,0.0,
5900,12,1,48413636,1312135941,34500568,0,1312135918,1312135918,47990845,0,0000000036,VW Полша,,WR,1,Неактивен 2,0. Разни,Среден фланец с тръба и коляно,1,L,(автогенериран под-план),ADMIN,,Z,Демистър,|101—Рязане|103—5 мин|102—Подготовка краища тръба 1`|105—7 мин|104—Заварка фланец към тръба (двустранен ъглов шев)|106—30 мин|109—Заварка челна на коляно към тръба и фланец|110—5 мин|114—Стиковане и прихващане|126—5 мин|,,2.0,1.95583,1.02258,1.0,1.0,1.0,1.0,1.0,1,0,0,-1,1,0,0.0,0.0,-4.0,0.0,4.0,0.0,0.0,0.0,
5905,1,1,47273863,1312136034,35731331,0,1312135963,1312135963,35853460,0,0000000033,VW Полша,,PW,1,"Склад производство, 500kW",1.2.2 Съдове (Очиска),Демистър 4“,1,L,(разбит на под-планове),ADMIN,,Z,Демистър,"|101—Стиковане и точкуване на дъна към тяло|103—20 мин|102—Центриране, стиковане и прихващане на муфи|105—20 мин|104—Центриране на средна сглобка и фиксиране|106—20 мин|109—Фиксиране и прихващане на вътрешна част на 4 места|110—15 мин|114—Затваряне на капи|126—30 мин общо|115—Позициониране|117—Притискане|119—Прихващане|127—Заваряване на капи  към тяло|128—40 мин/ръчно|129—Заваряване на двете муфи|130—20 мин|131—Заваряване на среден фланец с тръба и коляно, ъглов шев|132—15 мин|133—Проход на резбите на муфи с метчик|134—20 мин|135—Елекртохимично почистване|136—20 мин|138—Измиване и изсушаване|139—20 мин|140—Заваряване планки на ъглов шев, двустранно|141—20 мин|",,2.0,1.95583,1.02258,1.0,1.0,1.0,1.0,1.0,0,-1,-1,1,0,0,-4.0,0.0,4.0,0.0,0.0,0.0,0.0,0.0,
5905,3,1,47273863,1312136034,34428257,0,1312136005,1312136005,35853460,0,0000000033,VW Полша,,WR,1,"Склад производство, 500kW",1.2.2 Съдове (Очиска),Демистър 4“,1,L,(разбит на под-планове),ADMIN,,Z,Демистър,"|101—Стиковане и точкуване на дъна към тяло|103—20 мин|102—Центриране, стиковане и прихващане на муфи|105—20 мин|104—Центриране на средна сглобка и фиксиране|106—20 мин|109—Фиксиране и прихващане на вътрешна част на 4 места|110—15 мин|114—Затваряне на капи|126—30 мин общо|115—Позициониране|117—Притискане|119—Прихващане|127—Заваряване на капи  към тяло|128—40 мин/ръчно|129—Заваряване на двете муфи|130—20 мин|131—Заваряване на среден фланец с тръба и коляно, ъглов шев|132—15 мин|133—Проход на резбите на муфи с метчик|134—20 мин|135—Елекртохимично почистване|136—20 мин|138—Измиване и изсушаване|139—20 мин|140—Заваряване планки на ъглов шев, двустранно|141—20 мин|",,2.0,1.95583,1.02258,1.0,1.0,1.0,1.0,1.0,1,0,0,-1,1,0,0.0,0.0,-4.0,0.0,4.0,0.0,0.0,0.0,
5905,5,1,36425042,1317656958,44872595,0,1307151047,1307151047,1300860756,0,0000000004,Омуртаг,,PW,1,Склад,1) Грийн Иновейшън АД,АЕМ 10 kW,1,L,Омуртаг,ADMIN,,Z,,,,2.0,1.95583,1.02258,1.0,1.0,1.0,1.0,1.0,0,-1,-1,1,0,0,-1.0,0.0,1.0,0.0,0.0,0.0,0.0,0.0,
5905,10,1,45613224,1324055960,-2,0,1324055879,1308344164,0,1042,,,,TT,1,2. МЕТАЛХИДРИД,Вътрешни изделия и детайли,Дъно за бутилка,1,M,,ADMIN,,Z,Бутилки Металхидрид,"|101—Струговане на прът ф35-ф33,5|103—5 мин|102—Челосване|105—1 мин|104—Взимане на фаски|106—1 мин|109—Отрязване|110—2 мин|114—Челосване задна страна|126—1 мин|127—Взимане на фаски|128—1 мин|",,0.84,1.0,0.84,1.0,1.0,1.0,1.0,1.0,0,0,0,0,0,0,0.0,0.0,0.0,0.0,0.0,0.0,0.0,0.0,
6192,1,1,36650426,1317141716,-1,0,1317140599,1317140599,43187788,0,0000000038,Металхидрид,,TP,1,Неактивен 3,1.3. Металхидрид,Бутилки Металхидрид - Готови,1,L,(разбит на под-планове),ADMIN,,Z,Бутилки Металхидрид,"|6—Готов|101—Активиране|103—2 часа|122—Вакуум|121—1 час|123—Нагряване|124—1 час|125—50л. водород, 1.5KW енергия|102—Монтаж бърза връзка|105—20 мин./бр.|104—Подготовка за експедиция/разреждане|106—1 час|",,2.0,1.95583,1.02258,1.0,1.0,1.0,1.0,1.0,0,0,1,0,0,0,0.0,0.0,0.0,0.0,10.0,0.0,0.0,0.0,
6192,2,1,36654702,1315559514,-1,0,1311533380,1311533380,47816762,0,0000000032,Златна Панега,,TP,1,2. МЕТАЛХИДРИД,Вътрешни изделия и детайли,Табло Металхидрид,1,L,,ADMIN,,Z,,,,2.0,1.95583,1.02258,1.0,1.0,1.0,1.0,1.0,0,0,1,0,0,0,0.0,0.0,0.0,0.0,1.0,0.0,0.0,0.0,
6192,6,1,45748066,1317141274,-1,0,1317140599,1317140686,45613224,1042,0000000041,Металхидрид,,TP,1,2. МЕТАЛХИДРИД,Вътрешни изделия и детайли,Дъно за бутилка,1,L,(автогенериран под-план),ADMIN,,Z,Бутилки Металхидрид,"|101—Струговане на прът ф35-ф33,5|103—5 мин|102—Челосване|105—1 мин|104—Взимане на фаски|106—1 мин|109—Отрязване|110—2 мин|114—Челосване задна страна|126—1 мин|127—Взимане на фаски|128—1 мин|",,2.0,1.95583,1.02258,1.0,1.0,1.0,1.0,1.0,0,0,1,0,0,0,0.0,0.0,0.0,0.0,10.0,0.0,0.0,0.0,
6192,10,1,38624603,1317141157,-1,0,1317140599,1317140687,38528262,0,0000000043,Металхидрид,,TP,1,2. МЕТАЛХИДРИД,Вътрешни изделия и детайли,Пълнеж за бутилка,1,L,(автогенериран под-план),ADMIN,,Z,Бутилки Металхидрид,|6—Операции и разходи за 1кг. пълнеж|101—Теглене|103—2 мин.|102—Смесване на суровини|105—1 мин.|104—Стопяване в индукционна пещ|106—30 мин.|107—4 KW за 30 мин.|100—Изстиване|108—30 мин.|109—Разпрашаване|110—8 часа|113—500 литра H2|111—Зареждане на реактор|112—30 мин.|114—Пудра|115—Теглене|116—1 мин.|117—Пълнене|118—2-5 мин.|119—Затваряне|120—5 мин.|,,2.0,1.95583,1.02258,1.0,1.0,1.0,1.0,1.0,0,0,1,0,0,0,0.0,0.0,0.0,0.0,3.3,0.0,0.0,0.0,
6192,12,1,49070797,1317141251,48264767,0,1317140709,1317140709,44960646,0,0000000040,Металхидрид,,PW,1,2. МЕТАЛХИДРИД,Вътрешни изделия и детайли,Тапа за бутилка,1,L,(автогенериран под-план),ADMIN,,Z,Бутилки Металхидрид,"|101—Струговане на прът ф35-ф33,5|103—5 мин|102—Челосване|105—1 мин|104—Струговане на шийка ф33,5-ф16,5|106—5 мин|109—Пробиване с 3 центрови свредла|110—10 мин|114—Нарязване на конусна резба|126—2 мин|127—Взимане на фаски|128—1 мин|129—Отрязване|130—2 мин|131—Челосване задна страна|132—1 мин|133—Засечка|134—1 мин|135—Взимане на фаски|136—1 мин|",,2.0,1.95583,1.02258,1.0,1.0,1.0,1.0,1.0,0,-1,-1,1,0,0,-10.0,0.0,10.0,0.0,0.0,0.0,0.0,0.0,
6192,14,1,45748066,1317141274,39234588,0,1317140759,1317140759,45613224,0,0000000041,Металхидрид,,PW,1,2. МЕТАЛХИДРИД,Вътрешни изделия и детайли,Дъно за бутилка,1,L,(автогенериран под-план),ADMIN,,Z,Бутилки Металхидрид,"|101—Струговане на прът ф35-ф33,5|103—5 мин|102—Челосване|105—1 мин|104—Взимане на фаски|106—1 мин|109—Отрязване|110—2 мин|114—Челосване задна страна|126—1 мин|127—Взимане на фаски|128—1 мин|",,2.0,1.95583,1.02258,1.0,1.0,1.0,1.0,1.0,0,-1,-1,1,0,0,-10.0,0.0,10.0,0.0,0.0,0.0,0.0,0.0,
6398,1,1,47854542,1317141423,47049208,0,1317141006,1317141006,45739937,0,0000000044,Металхидрид,,PW,1,2. МЕТАЛХИДРИД,Вътрешни изделия и детайли,Тяло на бутилка,1,L,,ADMIN,,Z,Бутилки Металхидрид,|101—Рязане на тръба|103—2 мин|102—Челосване|105—2 мин|104—Външна фаска|106—1 мин|109—Подготовка на тяло за засечка|110—5 мин|114—Засечка|126—1 мин|127—Вътрешна фаска|128—1 мин|,,2.0,1.95583,1.02258,1.0,1.0,1.0,1.0,1.0,0,-1,-1,1,0,0,-10.0,0.0,10.0,0.0,0.0,0.0,0.0,0.0,
6398,4,1,47854542,1317141423,-1,0,1317140959,1317140959,45739937,0,0000000044,Металхидрид,,TP,1,2. МЕТАЛХИДРИД,Вътрешни изделия и детайли,Тяло на бутилка,1,L,,ADMIN,,Z,Бутилки Металхидрид,|101—Рязане на тръба|103—2 мин|102—Челосване|105—2 мин|104—Външна фаска|106—1 мин|109—Подготовка на тяло за засечка|110—5 мин|114—Засечка|126—1 мин|127—Вътрешна фаска|128—1 мин|,,2.0,1.95583,1.02258,1.0,1.0,1.0,1.0,1.0,0,0,1,0,0,0,0.0,0.0,0.0,0.0,10.0,0.0,0.0,0.0,
6398,5,1,38624603,1317141157,42348863,0,1317141031,1317141031,38528262,0,0000000043,Металхидрид,,PW,1,2. МЕТАЛХИДРИД,Вътрешни изделия и детайли,Пълнеж за бутилка,1,L,(автогенериран под-план),ADMIN,,Z,Бутилки Металхидрид,|6—Операции и разходи за 1кг. пълнеж|101—Теглене|103—2 мин.|102—Смесване на суровини|105—1 мин.|104—Стопяване в индукционна пещ|106—30 мин.|107—4 KW за 30 мин.|100—Изстиване|108—30 мин.|109—Разпрашаване|110—8 часа|113—500 литра H2|111—Зареждане на реактор|112—30 мин.|114—Пудра|115—Теглене|116—1 мин.|117—Пълнене|118—2-5 мин.|119—Затваряне|120—5 мин.|,,2.0,1.95583,1.02258,1.0,1.0,1.0,1.0,1.0,0,-1,-1,1,0,0,-3.3,0.0,3.3,0.0,0.0,0.0,0.0,0.0,
6398,7,1,38624603,1317141157,48005959,0,1317141131,1317141131,38528262,0,0000000043,Металхидрид,,WR,1,2. МЕТАЛХИДРИД,Вътрешни изделия и детайли,Пълнеж за бутилка,1,L,(автогенериран под-план),ADMIN,,Z,Бутилки Металхидрид,|6—Операции и разходи за 1кг. пълнеж|101—Теглене|103—2 мин.|102—Смесване на суровини|105—1 мин.|104—Стопяване в индукционна пещ|106—30 мин.|107—4 KW за 30 мин.|100—Изстиване|108—30 мин.|109—Разпрашаване|110—8 часа|113—500 литра H2|111—Зареждане на реактор|112—30 мин.|114—Пудра|115—Теглене|116—1 мин.|117—Пълнене|118—2-5 мин.|119—Затваряне|120—5 мин.|,,2.0,1.95583,1.02258,1.0,1.0,1.0,1.0,1.0,1,0,0,-1,1,0,0.0,0.0,-3.3,0.0,3.3,0.0,0.0,0.0,
6398,8,1,49070797,1317141251,33627471,0,1317141172,1317141172,44960646,0,0000000040,Металхидрид,,WR,1,2. МЕТАЛХИДРИД,Вътрешни изделия и детайли,Тапа за бутилка,1,L,(автогенериран под-план),ADMIN,,Z,Бутилки Металхидрид,"|101—Струговане на прът ф35-ф33,5|103—5 мин|102—Челосване|105—1 мин|104—Струговане на шийка ф33,5-ф16,5|106—5 мин|109—Пробиване с 3 центрови свредла|110—10 мин|114—Нарязване на конусна резба|126—2 мин|127—Взимане на фаски|128—1 мин|129—Отрязване|130—2 мин|131—Челосване задна страна|132—1 мин|133—Засечка|134—1 мин|135—Взимане на фаски|136—1 мин|",,2.0,1.95583,1.02258,1.0,1.0,1.0,1.0,1.0,1,0,0,-1,1,0,0.0,0.0,-10.0,0.0,10.0,0.0,0.0,0.0,
6398,9,1,45748066,1317141274,34698093,0,1317141259,1317141259,45613224,0,0000000041,Металхидрид,,WR,1,2. МЕТАЛХИДРИД,Вътрешни изделия и детайли,Дъно за бутилка,1,L,(автогенериран под-план),ADMIN,,Z,Бутилки Металхидрид,"|101—Струговане на прът ф35-ф33,5|103—5 мин|102—Челосване|105—1 мин|104—Взимане на фаски|106—1 мин|109—Отрязване|110—2 мин|114—Челосване задна страна|126—1 мин|127—Взимане на фаски|128—1 мин|",,2.0,1.95583,1.02258,1.0,1.0,1.0,1.0,1.0,1,0,0,-1,1,0,0.0,0.0,-10.0,0.0,10.0,0.0,0.0,0.0,
6398,11,1,49070797,1317141251,-1,0,1317140599,1317140686,44960646,0,0000000040,Металхидрид,,TP,1,2. МЕТАЛХИДРИД,Вътрешни изделия и детайли,Тапа за бутилка,1,L,(автогенериран под-план),ADMIN,,Z,Бутилки Металхидрид,"|101—Струговане на прът ф35-ф33,5|103—5 мин|102—Челосване|105—1 мин|104—Струговане на шийка ф33,5-ф16,5|106—5 мин|109—Пробиване с 3 центрови свредла|110—10 мин|114—Нарязване на конусна резба|126—2 мин|127—Взимане на фаски|128—1 мин|129—Отрязване|130—2 мин|131—Челосване задна страна|132—1 мин|133—Засечка|134—1 мин|135—Взимане на фаски|136—1 мин|",,2.0,1.95583,1.02258,1.0,1.0,1.0,1.0,1.0,0,0,1,0,0,0,0.0,0.0,0.0,0.0,10.0,0.0,0.0,0.0,
6398,13,1,47854542,1317141423,50108062,0,1317141281,1317141281,45739937,0,0000000044,Металхидрид,,WR,1,2. МЕТАЛХИДРИД,Вътрешни изделия и детайли,Тяло на бутилка,1,L,,ADMIN,,Z,Бутилки Металхидрид,|101—Рязане на тръба|103—2 мин|102—Челосване|105—2 мин|104—Външна фаска|106—1 мин|109—Подготовка на тяло за засечка|110—5 мин|114—Засечка|126—1 мин|127—Вътрешна фаска|128—1 мин|,,2.0,1.95583,1.02258,1.0,1.0,1.0,1.0,1.0,1,0,0,-1,1,0,0.0,0.0,-10.0,0.0,10.0,0.0,0.0,0.0,
6398,15,1,39314364,1317141504,-1,0,1310541923,1310541923,43187788,0,0000000028,Италия,,TP,1,System - 10kW Italy,1.3. Металхидрид,Бутилки Металхидрид - Готови,1,L,Ще са готови около 27-28.11,ADMIN,,Z,Бутилки Металхидрид,|101—Стопяване|,,2.0,1.95583,1.02258,1.0,1.0,1.0,1.0,1.0,0,0,1,0,0,0,0.0,0.0,0.0,0.0,10.0,0.0,0.0,0.0,
6402,1,1,41682963,1317141583,-1,0,1317140599,1317140686,49932569,0,0000000039,Металхидрид,,TP,1,Неактивен 2,1.3. Металхидрид,Бутилки Металхидрид - Полуготови,1,L,(автогенериран под-план),ADMIN,,Z,Бутилки Металхидрид,|101—Подготовка на материалите|103—5 мин|102—Съединяване на материалите с точкуване|105—15 мин|104—Заваряване|106—10 мин|109—Почистване ЗТВ и визуален контрол|110—10 мин|,,2.0,1.95583,1.02258,1.0,1.0,1.0,1.0,1.0,0,0,1,0,0,0,0.0,0.0,0.0,0.0,10.0,0.0,0.0,0.0,
6402,2,1,41682963,1317141583,35692777,0,1317141528,1317141528,49932569,0,0000000039,Металхидрид,,PW,1,Неактивен 2,1.3. Металхидрид,Бутилки Металхидрид - Полуготови,1,L,(автогенериран под-план),ADMIN,,Z,Бутилки Металхидрид,|101—Подготовка на материалите|103—5 мин|102—Съединяване на материалите с точкуване|105—15 мин|104—Заваряване|106—10 мин|109—Почистване ЗТВ и визуален контрол|110—10 мин|,,2.0,1.95583,1.02258,1.0,1.0,1.0,1.0,1.0,0,-1,-1,1,0,0,-10.0,0.0,10.0,0.0,0.0,0.0,0.0,0.0,
6402,4,1,41682963,1317141583,41101048,0,1317141567,1317141567,49932569,0,0000000039,Металхидрид,,WR,1,Неактивен 2,1.3. Металхидрид,Бутилки Металхидрид - Полуготови,1,L,(автогенериран под-план),ADMIN,,Z,Бутилки Металхидрид,|101—Подготовка на материалите|103—5 мин|102—Съединяване на материалите с точкуване|105—15 мин|104—Заваряване|106—10 мин|109—Почистване ЗТВ и визуален контрол|110—10 мин|,,2.0,1.95583,1.02258,1.0,1.0,1.0,1.0,1.0,1,0,0,-1,1,0,0.0,0.0,-10.0,0.0,10.0,0.0,0.0,0.0,
6402,6,1,36650426,1317141716,42476671,0,1317141594,1317141594,43187788,0,0000000038,Металхидрид,,PW,1,Неактивен 3,1.3. Металхидрид,Бутилки Металхидрид - Готови,1,L,(разбит на под-планове),ADMIN,,Z,Бутилки Металхидрид,"|6—Готов|101—Активиране|103—2 часа|122—Вакуум|121—1 час|123—Нагряване|124—1 час|125—50л. водород, 1.5KW енергия|102—Монтаж бърза връзка|105—20 мин./бр.|104—Подготовка за експедиция/разреждане|106—1 час|",,2.0,1.95583,1.02258,1.0,1.0,1.0,1.0,1.0,0,-1,-1,1,0,0,-10.0,0.0,10.0,0.0,0.0,0.0,0.0,0.0,
6402,8,1,36650426,1317141716,49022476,0,1317141677,1317141677,43187788,0,0000000038,Металхидрид,,WR,1,Неактивен 3,1.3. Металхидрид,Бутилки Металхидрид - Готови,1,L,(разбит на под-планове),ADMIN,,Z,Бутилки Металхидрид,"|6—Готов|101—Активиране|103—2 часа|122—Вакуум|121—1 час|123—Нагряване|124—1 час|125—50л. водород, 1.5KW енергия|102—Монтаж бърза връзка|105—20 мин./бр.|104—Подготовка за експедиция/разреждане|106—1 час|",,2.0,1.95583,1.02258,1.0,1.0,1.0,1.0,1.0,1,0,0,-1,1,0,0.0,0.0,-10.0,0.0,10.0,0.0,0.0,0.0,
6402,11,1,43987986,1317538938,35505348,0,1317538910,1317538910,39161073,0,0000000045,За производство,,WR,1,0. СКЛАД - ОСНОВЕН,Фитинги - Щуцер на резба,Щуцер за маркуч 304 1/2“,1,M,,ADMIN,,Z,,|101—Челосване|103—2 мин|102—Отнемане на материал за резба|105—3 мин|104—Пробиване с 3 свредла|106—10 мин|109—Взимане на фаски|110—2 мин|114—Нарязване на резба|126—10 мин|127—Отрязване на парче|128—3 мин|129—Обръщане|130—1 час|131—Челосване|132—2 мин|133—Отнемане на материал за резба и шийки|134—9 мин|135—Нарязване на резба|136—10 мин|138—Оформяне на конус|139—4 мин|140—Взимане на фаски|141—2 мин|,,2.0,1.95583,1.02258,1.0,1.0,1.0,1.0,1.0,1,0,0,-1,1,0,0.0,0.0,-40.0,0.0,40.0,0.0,0.0,0.0,
6402,13,1,47233553,1318861857,-1,0,1318861593,1318861659,49935511,0,0000000047,Брикел,,TP,1,Неактивен 2,1.2.1. Части (Очиска),Демистър 4“ - Дъно,1,L,(автогенериран под-план),Yordan Markov,,Z,Демистър,"|101—Рязане на тръба|103—5 мин|102—Подготовка на краища|105—7 мин|104—Заваряване|106—65 мин всичко!|100—Заваряване дланец DN25 към тръба 1`(двустранен, ъглов шев)|108—30 мин|144—Заваряване на тръба и фланец към капа (челен шев вътр. и ъглов шев вън.)|145—20 мин|146—Притискане на заварено съединение, преса|147—10 мин|148—Стиковане и прихващане|149—5 мин|",,0.84,1.0,0.84,1.0,1.0,1.0,1.0,1.0,0,0,1,0,0,0,0.0,0.0,0.0,0.0,8.0,0.0,0.0,0.0,
6402,16,1,49132890,1317635873,-1,0,1302135909,1302135909,1300860839,1300860839,0000000001,0,,TP,1,Склад,1) Грийн Иновейшън АД,АЕM-Z 500 kW,1,L,Кърджали,ADMIN,,Z,,,,2.0,1.95583,1.02258,1.0,1.0,1.0,1.0,1.0,0,0,1,0,0,0,0.0,1.0,1.0,0.0,0.0,0.0,0.0,0.0,
6402,17,1,49132890,1317635873,37874140,0,1302135931,1302135931,1300860839,0,0000000001,0,,PW,1,Склад,1) Грийн Иновейшън АД,АЕM-Z 500 kW,1,L,Кърджали,ADMIN,,Z,,,,2.0,1.95583,1.02258,1.0,1.0,1.0,1.0,1.0,0,-1,-1,1,0,0,-1.0,0.0,1.0,0.0,0.0,0.0,0.0,0.0,
6462,2,1,43116945,1319232612,-1,0,1305653024,1305653024,1300860652,1300860652,0000000003,Община Бургас,,TP,1,Склад,1) Грийн Иновейшън АД,АЕМ-Z 30 kW,1,L,,ADMIN,,Z,,|6—202404112448|,,2.0,1.95583,1.02258,1.0,1.0,1.0,1.0,1.0,0,0,1,0,0,0,0.0,1.0,0.0,0.0,1.0,0.0,0.0,0.0,
6462,4,1,43116945,1319232612,46613752,0,1305653096,1305653096,1300860652,0,0000000003,Община Бургас,,PW,1,Склад,1) Грийн Иновейшън АД,АЕМ-Z 30 kW,1,L,,ADMIN,,Z,,|6—202404112448|,,2.0,1.95583,1.02258,1.0,1.0,1.0,1.0,1.0,0,-1,-1,1,0,0,-1.0,0.0,1.0,0.0,0.0,0.0,0.0,0.0,
6462,5,1,39991739,1318861747,-1,0,1318861593,1318861659,42937997,0,0000000048,Брикел,,TP,1,Неактивен 2,0. Разни,Разпробита капа,1,L,(автогенериран под-план),Yordan Markov,,Z,Демистър,|101—Фиксиране|103—2 мин|102—Дупчене|105—4 мин|104—Калибриране на отвор|106—5 мин|109—Взимане на фаски|110—2 мин|,,0.84,1.0,0.84,1.0,1.0,1.0,1.0,1.0,0,0,1,0,0,0,0.0,0.0,0.0,0.0,8.0,0.0,0.0,0.0,
6462,8,1,45794728,1318862098,-1,0,1318861593,1318861593,35853460,0,0000000046,Брикел,,TP,1,"Склад производство, 500kW",1.2.2 Съдове (Очиска),Демистър 4“,1,M,(разбит на под-планове),Yordan Markov,,Z,Демистър,"|101—Стиковане и точкуване на дъна към тяло|103—20 мин|102—Центриране, стиковане и прихващане на муфи|105—20 мин|104—Центриране на средна сглобка и фиксиране|106—20 мин|109—Фиксиране и прихващане на вътрешна част на 4 места|110—15 мин|114—Затваряне на капи|126—30 мин общо|115—Позициониране|117—Притискане|119—Прихващане|127—Заваряване на капи  към тяло|128—40 мин/ръчно|129—Заваряване на двете муфи|130—20 мин|131—Заваряване на среден фланец с тръба и коляно, ъглов шев|132—15 мин|133—Проход на резбите на муфи с метчик|134—20 мин|135—Елекртохимично почистване|136—20 мин|138—Измиване и изсушаване|139—20 мин|140—Заваряване планки на ъглов шев, двустранно|141—20 мин|",,0.84,1.0,0.84,1.0,1.0,1.0,1.0,1.0,0,0,1,0,0,0,0.0,0.0,0.0,0.0,4.0,0.0,0.0,0.0,
6462,9,1,34055391,1318861928,-1,0,1318861593,1318861660,47990845,0,0000000049,Брикел,,TP,1,Неактивен 2,0. Разни,Среден фланец с тръба и коляно,1,L,(автогенериран под-план),Yordan Markov,,Z,Демистър,|101—Рязане|103—5 мин|102—Подготовка краища тръба 1`|105—7 мин|104—Заварка фланец към тръба (двустранен ъглов шев)|106—30 мин|109—Заварка челна на коляно към тръба и фланец|110—5 мин|114—Стиковане и прихващане|126—5 мин|,,0.84,1.0,0.84,1.0,1.0,1.0,1.0,1.0,0,0,1,0,0,0,0.0,0.0,0.0,0.0,4.0,0.0,0.0,0.0,
6462,11,1,35768859,1318861998,-1,0,1318861593,1318861660,44670355,0,0000000050,Брикел,,TP,1,Неактивен 2,1) Грийн Иновейшън АД,"Вътрешна част(гъба,кръст,ос)",1,L,(автогенериран под-план),Yordan Markov,,Z,Демистър,"|101—Обезмасляване на кръст|103—12 мин общо|122—КОН, обезмаслител и изплакване|121—10 мин|123—Почистване с ацетон|124—2 мин|102—Рязане на ос|105—1 мин|104—Заваряване челно към кръст|106—2 мин|109—Нанизване на ос през центр. отвор|110—3 мин|114—Челно заваряване на ос|126—2 мин|",,0.84,1.0,0.84,1.0,1.0,1.0,1.0,1.0,0,0,1,0,0,0,0.0,0.0,0.0,0.0,4.0,0.0,0.0,0.0,
6462,13,1,39991739,1318861747,49021392,0,1318861675,1318861675,42937997,0,0000000048,Брикел,,PW,1,Неактивен 2,0. Разни,Разпробита капа,1,L,(автогенериран под-план),Yordan Markov,,Z,Демистър,|101—Фиксиране|103—2 мин|102—Дупчене|105—4 мин|104—Калибриране на отвор|106—5 мин|109—Взимане на фаски|110—2 мин|,,0.84,1.0,0.84,1.0,1.0,1.0,1.0,1.0,0,-1,-1,1,0,0,-8.0,0.0,8.0,0.0,0.0,0.0,0.0,0.0,
6462,15,1,39991739,1318861747,40961008,0,1318861716,1318861716,42937997,0,0000000048,Брикел,,WR,1,Неактивен 2,0. Разни,Разпробита капа,1,L,(автогенериран под-план),Yordan Markov,,Z,Демистър,|101—Фиксиране|103—2 мин|102—Дупчене|105—4 мин|104—Калибриране на отвор|106—5 мин|109—Взимане на фаски|110—2 мин|,,0.84,1.0,0.84,1.0,1.0,1.0,1.0,1.0,1,0,0,-1,1,0,0.0,0.0,-8.0,0.0,8.0,0.0,0.0,0.0,
7079,1,1,45794728,1318862098,45274291,0,1318862002,1318862002,35853460,0,0000000046,Брикел,,PW,1,"Склад производство, 500kW",1.2.2 Съдове (Очиска),Демистър 4“,1,M,(разбит на под-планове),Yordan Markov,,Z,Демистър,"|101—Стиковане и точкуване на дъна към тяло|103—20 мин|102—Центриране, стиковане и прихващане на муфи|105—20 мин|104—Центриране на средна сглобка и фиксиране|106—20 мин|109—Фиксиране и прихващане на вътрешна част на 4 места|110—15 мин|114—Затваряне на капи|126—30 мин общо|115—Позициониране|117—Притискане|119—Прихващане|127—Заваряване на капи  към тяло|128—40 мин/ръчно|129—Заваряване на двете муфи|130—20 мин|131—Заваряване на среден фланец с тръба и коляно, ъглов шев|132—15 мин|133—Проход на резбите на муфи с метчик|134—20 мин|135—Елекртохимично почистване|136—20 мин|138—Измиване и изсушаване|139—20 мин|140—Заваряване планки на ъглов шев, двустранно|141—20 мин|",,0.84,1.0,0.84,1.0,1.0,1.0,1.0,1.0,0,-1,-1,1,0,0,-4.0,0.0,4.0,0.0,0.0,0.0,0.0,0.0,
7079,3,1,45794728,1318862098,48988758,0,1318862060,1318862060,35853460,0,0000000046,Брикел,,WR,1,"Склад производство, 500kW",1.2.2 Съдове (Очиска),Демистър 4“,1,M,(разбит на под-планове),Yordan Markov,,Z,Демистър,"|101—Стиковане и точкуване на дъна към тяло|103—20 мин|102—Центриране, стиковане и прихващане на муфи|105—20 мин|104—Центриране на средна сглобка и фиксиране|106—20 мин|109—Фиксиране и прихващане на вътрешна част на 4 места|110—15 мин|114—Затваряне на капи|126—30 мин общо|115—Позициониране|117—Притискане|119—Прихващане|127—Заваряване на капи  към тяло|128—40 мин/ръчно|129—Заваряване на двете муфи|130—20 мин|131—Заваряване на среден фланец с тръба и коляно, ъглов шев|132—15 мин|133—Проход на резбите на муфи с метчик|134—20 мин|135—Елекртохимично почистване|136—20 мин|138—Измиване и изсушаване|139—20 мин|140—Заваряване планки на ъглов шев, двустранно|141—20 мин|",,0.84,1.0,0.84,1.0,1.0,1.0,1.0,1.0,1,0,0,-1,1,0,0.0,0.0,-4.0,0.0,4.0,0.0,0.0,0.0,
7079,5,1,49967252,1319535233,-1,0,1319534968,1319534998,49935511,0,0000000072,VW Полша,,TP,1,Неактивен 2,1.2.1. Части (Очиска),Демистър 4“ - Дъно,1,L,(автогенериран под-план),Yordan Markov,,Z,Демистър,"|101—Рязане на тръба|103—5 мин|102—Подготовка на краища|105—7 мин|104—Заваряване|106—65 мин всичко!|100—Заваряване дланец DN25 към тръба 1`(двустранен, ъглов шев)|108—30 мин|144—Заваряване на тръба и фланец към капа (челен шев вътр. и ъглов шев вън.)|145—20 мин|146—Притискане на заварено съединение, преса|147—10 мин|148—Стиковане и прихващане|149—5 мин|",,0.84,1.0,0.84,1.0,1.0,1.0,1.0,1.0,0,0,1,0,0,0,0.0,0.0,0.0,0.0,4.0,0.0,0.0,0.0,
7079,7,1,49281320,1319535171,50001370,0,1319535137,1319535137,42937997,0,0000000073,VW Полша,,PW,1,Неактивен 2,0. Разни,Разпробита капа,1,L,(автогенериран под-план),Yordan Markov,,Z,Демистър,|101—Фиксиране|103—2 мин|102—Дупчене|105—4 мин|104—Калибриране на отвор|106—5 мин|109—Взимане на фаски|110—2 мин|,,0.84,1.0,0.84,1.0,1.0,1.0,1.0,1.0,0,-1,-1,1,0,0,-4.0,0.0,4.0,0.0,0.0,0.0,0.0,0.0,
7079,10,1,49281320,1319535171,-1,0,1319534968,1319534998,42937997,0,0000000073,VW Полша,,TP,1,Неактивен 2,0. Разни,Разпробита капа,1,L,(автогенериран под-план),Yordan Markov,,Z,Демистър,|101—Фиксиране|103—2 мин|102—Дупчене|105—4 мин|104—Калибриране на отвор|106—5 мин|109—Взимане на фаски|110—2 мин|,,0.84,1.0,0.84,1.0,1.0,1.0,1.0,1.0,0,0,1,0,0,0,0.0,0.0,0.0,0.0,4.0,0.0,0.0,0.0,
7079,11,1,49281320,1319535171,37015689,0,1319535157,1319535157,42937997,0,0000000073,VW Полша,,WR,1,Неактивен 2,0. Разни,Разпробита капа,1,L,(автогенериран под-план),Yordan Markov,,Z,Демистър,|101—Фиксиране|103—2 мин|102—Дупчене|105—4 мин|104—Калибриране на отвор|106—5 мин|109—Взимане на фаски|110—2 мин|,,0.84,1.0,0.84,1.0,1.0,1.0,1.0,1.0,1,0,0,-1,1,0,0.0,0.0,-4.0,0.0,4.0,0.0,0.0,0.0,
7080,2,1,44960646,1324056014,-2,0,1324055968,1308348189,0,0,,,,TT,1,2. МЕТАЛХИДРИД,Вътрешни изделия и детайли,Тапа за бутилка,1,M,,ADMIN,,Z,Бутилки Металхидрид,"|101—Струговане на прът ф35-ф33,5|103—5 мин|102—Челосване|105—1 мин|104—Струговане на шийка ф33,5-ф16,5|106—5 мин|109—Пробиване с 3 центрови свредла|110—10 мин|114—Нарязване на конусна резба|126—2 мин|127—Взимане на фаски|128—1 мин|129—Отрязване|130—2 мин|131—Челосване задна страна|132—1 мин|133—Засечка|134—1 мин|135—Взимане на фаски|136—1 мин|",,0.84,1.0,0.84,1.0,1.0,1.0,1.0,1.0,0,0,0,0,0,0,0.0,0.0,0.0,0.0,0.0,0.0,0.0,0.0,
7080,4,1,45739937,1324056089,-2,0,1324056016,1308344782,0,0,,,,TT,1,2. МЕТАЛХИДРИД,Вътрешни изделия и детайли,Тяло на бутилка,1,M,,ADMIN,,Z,Бутилки Металхидрид,|101—Рязане на тръба|103—2 мин|102—Челосване|105—2 мин|104—Външна фаска|106—1 мин|109—Подготовка на тяло за засечка|110—5 мин|114—Засечка|126—1 мин|127—Вътрешна фаска|128—1 мин|,,0.84,1.0,0.84,1.0,1.0,1.0,1.0,1.0,0,0,0,0,0,0,0.0,0.0,0.0,0.0,0.0,0.0,0.0,0.0,
7080,6,1,39297021,1321134097,-1,0,1302333652,1302333652,1300860839,1300860839,0000000002,Златна Панега,,TP,1,Склад,1) Грийн Иновейшън АД,АЕM-Z 500 kW,1,L,,ADMIN,,Z,,,,2.0,1.95583,1.02258,1.0,1.0,1.0,1.0,1.0,0,0,1,0,0,0,1.0,1.0,0.0,0.0,0.0,0.0,0.0,0.0,
7080,7,1,43187788,1324056350,-2,0,1324056228,1308356621,0,0,,,,TT,1,Неактивен 3,1.3. Металхидрид,Бутилки Металхидрид - Готови,1,M,,ADMIN,,Z,Бутилки Металхидрид,"|6—Готов|101—Активиране|103—2 часа|122—Вакуум|121—1 час|123—Нагряване|124—1 час|125—50л. водород, 1.5KW енергия|102—Монтаж бърза връзка|105—20 мин./бр.|104—Подготовка за експедиция/разреждане|106—1 час|",,0.84,1.0,0.84,1.0,1.0,1.0,1.0,1.0,0,0,0,0,0,0,0.0,0.0,0.0,0.0,0.0,0.0,0.0,0.0,
7080,11,1,38528262,1319144200,-2,0,1319144146,1310539391,0,0,,,,TT,1,2. МЕТАЛХИДРИД,Вътрешни изделия и детайли,Пълнеж за бутилка,1,L,,ADMIN,,Z,Бутилки Металхидрид,|6—Операции и разходи за 1кг. пълнеж|101—Теглене|103—2 мин.|102—Смесване на суровини|105—1 мин.|104—Стопяване в индукционна пещ|106—30 мин.|107—4 KW за 30 мин.|100—Изстиване|108—30 мин.|109—Разпрашаване|110—8 часа|113—500 литра H2|111—Зареждане на реактор|112—30 мин.|114—Пудра|115—Теглене|116—1 мин.|117—Пълнене|118—2-5 мин.|119—Затваряне|120—5 мин.|,,0.84,1.0,0.84,1.0,1.0,1.0,1.0,1.0,0,0,0,0,0,0,0.0,0.0,0.0,0.0,0.0,0.0,0.0,0.0,
7119,1,1,34897389,1319144613,38130777,0,1319144585,1319144585,45739937,0,0000000056,Металхидрид,,PR,1,2. МЕТАЛХИДРИД,Вътрешни изделия и детайли,Тяло на бутилка,1,L,(автогенериран под-план),Yordan Markov,,Z,Бутилки Металхидрид,|101—Рязане на тръба|103—2 мин|102—Челосване|105—2 мин|104—Външна фаска|106—1 мин|109—Подготовка на тяло за засечка|110—5 мин|114—Засечка|126—1 мин|127—Вътрешна фаска|128—1 мин|,,0.84,1.0,0.84,1.0,1.0,1.0,1.0,1.0,1,-1,-1,0,1,0,-20.0,0.0,0.0,0.0,20.0,0.0,0.0,0.0,
7119,5,1,34704435,1319144474,-1,0,1319144238,1319144396,44960646,0,0000000054,Металхидрид,,TP,1,2. МЕТАЛХИДРИД,Вътрешни изделия и детайли,Тапа за бутилка,1,L,(автогенериран под-план),Yordan Markov,,Z,Бутилки Металхидрид,"|101—Струговане на прът ф35-ф33,5|103—5 мин|102—Челосване|105—1 мин|104—Струговане на шийка ф33,5-ф16,5|106—5 мин|109—Пробиване с 3 центрови свредла|110—10 мин|114—Нарязване на конусна резба|126—2 мин|127—Взимане на фаски|128—1 мин|129—Отрязване|130—2 мин|131—Челосване задна страна|132—1 мин|133—Засечка|134—1 мин|135—Взимане на фаски|136—1 мин|",,0.84,1.0,0.84,1.0,1.0,1.0,1.0,1.0,0,0,1,0,0,0,0.0,0.0,0.0,0.0,20.0,0.0,0.0,0.0,
7119,7,1,38161649,1319144511,-1,0,1319144238,1319144396,45613224,1042,0000000055,Металхидрид,,TP,1,2. МЕТАЛХИДРИД,Вътрешни изделия и детайли,Дъно за бутилка,1,L,(автогенериран под-план),Yordan Markov,,Z,Бутилки Металхидрид,"|101—Струговане на прът ф35-ф33,5|103—5 мин|102—Челосване|105—1 мин|104—Взимане на фаски|106—1 мин|109—Отрязване|110—2 мин|114—Челосване задна страна|126—1 мин|127—Взимане на фаски|128—1 мин|",,0.84,1.0,0.84,1.0,1.0,1.0,1.0,1.0,0,0,1,0,0,0,0.0,0.0,0.0,0.0,20.0,0.0,0.0,0.0,
7119,8,1,34897389,1319144613,-1,0,1319144238,1319144396,45739937,0,0000000056,Металхидрид,,TP,1,2. МЕТАЛХИДРИД,Вътрешни изделия и детайли,Тяло на бутилка,1,L,(автогенериран под-план),Yordan Markov,,Z,Бутилки Металхидрид,|101—Рязане на тръба|103—2 мин|102—Челосване|105—2 мин|104—Външна фаска|106—1 мин|109—Подготовка на тяло за засечка|110—5 мин|114—Засечка|126—1 мин|127—Вътрешна фаска|128—1 мин|,,0.84,1.0,0.84,1.0,1.0,1.0,1.0,1.0,0,0,1,0,0,0,0.0,0.0,0.0,0.0,20.0,0.0,0.0,0.0,
7119,10,1,48498399,1319144817,-1,0,1319144238,1319144396,38528262,0,0000000057,Металхидрид,,TP,1,2. МЕТАЛХИДРИД,Вътрешни изделия и детайли,Пълнеж за бутилка,1,L,(автогенериран под-план),Yordan Markov,,Z,Бутилки Металхидрид,|6—Операции и разходи за 1кг. пълнеж|101—Теглене|103—2 мин.|102—Смесване на суровини|105—1 мин.|104—Стопяване в индукционна пещ|106—30 мин.|107—4 KW за 30 мин.|100—Изстиване|108—30 мин.|109—Разпрашаване|110—8 часа|113—500 литра H2|111—Зареждане на реактор|112—30 мин.|114—Пудра|115—Теглене|116—1 мин.|117—Пълнене|118—2-5 мин.|119—Затваряне|120—5 мин.|,,0.84,1.0,0.84,1.0,1.0,1.0,1.0,1.0,0,0,1,0,0,0,0.0,0.0,0.0,0.0,6.6,0.0,0.0,0.0,
7119,12,1,34704435,1319144474,41327675,0,1319144418,1319144418,44960646,0,0000000054,Металхидрид,,PR,1,2. МЕТАЛХИДРИД,Вътрешни изделия и детайли,Тапа за бутилка,1,L,(автогенериран под-план),Yordan Markov,,Z,Бутилки Металхидрид,"|101—Струговане на прът ф35-ф33,5|103—5 мин|102—Челосване|105—1 мин|104—Струговане на шийка ф33,5-ф16,5|106—5 мин|109—Пробиване с 3 центрови свредла|110—10 мин|114—Нарязване на конусна резба|126—2 мин|127—Взимане на фаски|128—1 мин|129—Отрязване|130—2 мин|131—Челосване задна страна|132—1 мин|133—Засечка|134—1 мин|135—Взимане на фаски|136—1 мин|",,0.84,1.0,0.84,1.0,1.0,1.0,1.0,1.0,1,-1,-1,0,1,0,-20.0,0.0,0.0,0.0,20.0,0.0,0.0,0.0,
7124,0,1,38161649,1319144511,41023831,0,1319144481,1319144481,45613224,0,0000000055,Металхидрид,,PR,1,2. МЕТАЛХИДРИД,Вътрешни изделия и детайли,Дъно за бутилка,1,L,(автогенериран под-план),Yordan Markov,,Z,Бутилки Металхидрид,"|101—Струговане на прът ф35-ф33,5|103—5 мин|102—Челосване|105—1 мин|104—Взимане на фаски|106—1 мин|109—Отрязване|110—2 мин|114—Челосване задна страна|126—1 мин|127—Взимане на фаски|128—1 мин|",,0.84,1.0,0.84,1.0,1.0,1.0,1.0,1.0,1,-1,-1,0,1,0,-20.0,0.0,0.0,0.0,20.0,0.0,0.0,0.0,
7124,2,1,40798683,1319144682,49937303,0,1319144637,1319144637,49932569,0,0000000053,Металхидрид,,PR,1,Неактивен 2,1.3. Металхидрид,Бутилки Металхидрид - Полуготови,1,L,(автогенериран под-план),Yordan Markov,,Z,Бутилки Металхидрид,|101—Подготовка на материалите|103—5 мин|102—Съединяване на материалите с точкуване|105—15 мин|104—Заваряване|106—10 мин|109—Почистване ЗТВ и визуален контрол|110—10 мин|,,0.84,1.0,0.84,1.0,1.0,1.0,1.0,1.0,1,-1,-1,0,1,0,-20.0,0.0,0.0,0.0,20.0,0.0,0.0,0.0,
7124,4,1,48498399,1319144817,41850638,0,1319144776,1319144776,38528262,0,0000000057,Металхидрид,,PR,1,2. МЕТАЛХИДРИД,Вътрешни изделия и детайли,Пълнеж за бутилка,1,L,(автогенериран под-план),Yordan Markov,,Z,Бутилки Металхидрид,|6—Операции и разходи за 1кг. пълнеж|101—Теглене|103—2 мин.|102—Смесване на суровини|105—1 мин.|104—Стопяване в индукционна пещ|106—30 мин.|107—4 KW за 30 мин.|100—Изстиване|108—30 мин.|109—Разпрашаване|110—8 часа|113—500 литра H2|111—Зареждане на реактор|112—30 мин.|114—Пудра|115—Теглене|116—1 мин.|117—Пълнене|118—2-5 мин.|119—Затваряне|120—5 мин.|,,0.84,1.0,0.84,1.0,1.0,1.0,1.0,1.0,1,-1,-1,0,1,0,-6.6,0.0,0.0,0.0,6.6,0.0,0.0,0.0,
7124,5,1,40798683,1319144682,-1,0,1319144238,1319144396,49932569,0,0000000053,Металхидрид,,TP,1,Неактивен 2,1.3. Металхидрид,Бутилки Металхидрид - Полуготови,1,L,(автогенериран под-план),Yordan Markov,,Z,Бутилки Металхидрид,|101—Подготовка на материалите|103—5 мин|102—Съединяване на материалите с точкуване|105—15 мин|104—Заваряване|106—10 мин|109—Почистване ЗТВ и визуален контрол|110—10 мин|,,0.84,1.0,0.84,1.0,1.0,1.0,1.0,1.0,0,0,1,0,0,0,0.0,0.0,0.0,0.0,20.0,0.0,0.0,0.0,
7124,7,1,43480505,1319144876,37416099,0,1319144824,1319144824,43187788,0,0000000052,Металхидрид,,PR,1,Неактивен 3,1.3. Металхидрид,Бутилки Металхидрид - Готови,1,L,(разбит на под-планове),Yordan Markov,,Z,Бутилки Металхидрид,"|6—Готов|101—Активиране|103—2 часа|122—Вакуум|121—1 час|123—Нагряване|124—1 час|125—50л. водород, 1.5KW енергия|102—Монтаж бърза връзка|105—20 мин./бр.|104—Подготовка за експедиция/разреждане|106—1 час|",,0.84,1.0,0.84,1.0,1.0,1.0,1.0,1.0,1,-1,-1,0,1,0,-20.0,0.0,0.0,0.0,20.0,0.0,0.0,0.0,
7124,8,1,43480505,1319144876,-1,0,1319144238,1319144238,43187788,0,0000000052,Металхидрид,,TP,1,Неактивен 3,1.3. Металхидрид,Бутилки Металхидрид - Готови,1,L,(разбит на под-планове),Yordan Markov,,Z,Бутилки Металхидрид,"|6—Готов|101—Активиране|103—2 часа|122—Вакуум|121—1 час|123—Нагряване|124—1 час|125—50л. водород, 1.5KW енергия|102—Монтаж бърза връзка|105—20 мин./бр.|104—Подготовка за експедиция/разреждане|106—1 час|",,0.84,1.0,0.84,1.0,1.0,1.0,1.0,1.0,0,0,1,0,0,0,0.0,0.0,0.0,0.0,20.0,0.0,0.0,0.0,
7124,10,1,43091093,1319162131,-2,0,1319162094,1311561394,0,0,,,,TT,1,2. МЕТАЛХИДРИД,Вътрешни изделия и детайли,Аква филтър,1,L,,ADMIN,,Z,Табло Металхидрид,,,0.84,1.0,0.84,1.0,1.0,1.0,1.0,1.0,0,0,0,0,0,0,0.0,0.0,0.0,0.0,0.0,0.0,0.0,0.0,
7124,14,1,43116945,1319232612,47139275,0,1319232595,1319232595,1300860652,0,0000000003,Община Бургас,,WR,1,Склад,1) Грийн Иновейшън АД,АЕМ-Z 30 kW,1,L,,Yordan Markov,,Z,,|6—202404112448|,,0.84,1.0,0.84,1.0,1.0,1.0,1.0,1.0,1,0,0,-1,1,0,0.0,0.0,-1.0,0.0,1.0,0.0,0.0,0.0,
7124,16,1,1300860839,1319233240,-2,0,1319233231,1300860839,0,1300860839,,,,TT,1,,1) Грийн Иновейшън АД,АЕM-Z 500 kW,1,L,,ADMIN,,A,,,,0.84,1.0,0.84,1.0,1.0,1.0,1.0,1.0,0,0,0,0,0,0,0.0,0.0,0.0,0.0,0.0,0.0,0.0,0.0,
6435,0,1,47047270,1319233250,-2,0,1319233244,1307237170,0,1300860839,,,,TT,1,,1) Грийн Иновейшън АД,АЕM-Z 500 kW,1,L,,ADMIN,,Z,,,,0.84,1.0,0.84,1.0,1.0,1.0,1.0,1.0,0,0,0,0,0,0,0.0,0.0,0.0,0.0,0.0,0.0,0.0,0.0,
6435,1,1,35493290,1319233255,-2,0,1319233252,1316163698,0,0,,,,TT,1,,1) Грийн Иновейшън АД,АЕM-Z 90 kW Полша,1,M,,ADMIN,,Z,,,,0.84,1.0,0.84,1.0,1.0,1.0,1.0,1.0,0,0,0,0,0,0,0.0,0.0,0.0,0.0,0.0,0.0,0.0,0.0,
6435,4,1,49967252,1319535233,48819410,0,1319535182,1319535182,49935511,0,0000000072,VW Полша,,PW,1,Неактивен 2,1.2.1. Части (Очиска),Демистър 4“ - Дъно,1,L,(автогенериран под-план),Yordan Markov,,Z,Демистър,"|101—Рязане на тръба|103—5 мин|102—Подготовка на краища|105—7 мин|104—Заваряване|106—65 мин всичко!|100—Заваряване дланец DN25 към тръба 1`(двустранен, ъглов шев)|108—30 мин|144—Заваряване на тръба и фланец към капа (челен шев вътр. и ъглов шев вън.)|145—20 мин|146—Притискане на заварено съединение, преса|147—10 мин|148—Стиковане и прихващане|149—5 мин|",,0.84,1.0,0.84,1.0,1.0,1.0,1.0,1.0,0,-1,-1,1,0,0,-4.0,0.0,4.0,0.0,0.0,0.0,0.0,0.0,
6435,6,1,47318391,1319535444,-1,0,1319534968,1319534968,35853460,0,0000000071,VW Полша,,TP,1,0. СКЛАД - ОСНОВЕН,1.2.2 Съдове (Очиска),Демистър 4“,1,M,(разбит на под-планове),Yordan Markov,,Z,Демистър,"|101—Стиковане и точкуване на дъна към тяло|103—20 мин|102—Центриране, стиковане и прихващане на муфи|105—20 мин|104—Центриране на средна сглобка и фиксиране|106—20 мин|109—Фиксиране и прихващане на вътрешна част на 4 места|110—15 мин|114—Затваряне на капи|126—30 мин общо|115—Позициониране|117—Притискане|119—Прихващане|127—Заваряване на капи  към тяло|128—40 мин/ръчно|129—Заваряване на двете муфи|130—20 мин|131—Заваряване на среден фланец с тръба и коляно, ъглов шев|132—15 мин|133—Проход на резбите на муфи с метчик|134—20 мин|135—Елекртохимично почистване|136—20 мин|138—Измиване и изсушаване|139—20 мин|140—Заваряване планки на ъглов шев, двустранно|141—20 мин|",,0.84,1.0,0.84,1.0,1.0,1.0,1.0,1.0,0,0,1,0,0,0,0.0,0.0,0.0,0.0,2.0,0.0,0.0,0.0,
6435,8,1,46362116,1319535395,-1,0,1319534968,1319534998,47990845,0,0000000074,VW Полша,,TP,1,Неактивен 2,0. Разни,Среден фланец с тръба и коляно,1,L,(автогенериран под-план),Yordan Markov,,Z,Демистър,|101—Рязане|103—5 мин|102—Подготовка краища тръба 1`|105—7 мин|104—Заварка фланец към тръба (двустранен ъглов шев)|106—30 мин|109—Заварка челна на коляно към тръба и фланец|110—5 мин|114—Стиковане и прихващане|126—5 мин|,,0.84,1.0,0.84,1.0,1.0,1.0,1.0,1.0,0,0,1,0,0,0,0.0,0.0,0.0,0.0,2.0,0.0,0.0,0.0,
6435,9,1,47412753,1319535282,-1,0,1319534968,1319534998,44670355,0,0000000075,VW Полша,,TP,1,Неактивен 2,1) Грийн Иновейшън АД,"Вътрешна част(гъба,кръст,ос)",1,L,(автогенериран под-план),Yordan Markov,,Z,Демистър,"|101—Обезмасляване на кръст|103—12 мин общо|122—КОН, обезмаслител и изплакване|121—10 мин|123—Почистване с ацетон|124—2 мин|102—Рязане на ос|105—1 мин|104—Заваряване челно към кръст|106—2 мин|109—Нанизване на ос през центр. отвор|110—3 мин|114—Челно заваряване на ос|126—2 мин|",,0.84,1.0,0.84,1.0,1.0,1.0,1.0,1.0,0,0,1,0,0,0,0.0,0.0,0.0,0.0,2.0,0.0,0.0,0.0,
6435,11,1,43563959,1319535335,-1,0,1319535042,1319535042,46788473,0,0000000076,VW Полша,,TP,1,Неактивен 2,1) Грийн Иновейшън АД,Тяло на демистър,1,L,,Yordan Markov,,Z,Демистър,|101—Рязане на тръба|103—5 мин|102—Подготовка краища|105—5 мин|104—Измиване и обезмасляване|106—30 мин|109—Оразмеряване|110—10 мин|114—Разпробиване на 3 отвора|126—15 мин|,,0.84,1.0,0.84,1.0,1.0,1.0,1.0,1.0,0,0,1,0,0,0,0.0,0.0,0.0,0.0,2.0,0.0,0.0,0.0,
6442,0,1,49967252,1319535233,37751761,0,1319535217,1319535217,49935511,0,0000000072,VW Полша,,WR,1,Неактивен 2,1.2.1. Части (Очиска),Демистър 4“ - Дъно,1,L,(автогенериран под-план),Yordan Markov,,Z,Демистър,"|101—Рязане на тръба|103—5 мин|102—Подготовка на краища|105—7 мин|104—Заваряване|106—65 мин всичко!|100—Заваряване дланец DN25 към тръба 1`(двустранен, ъглов шев)|108—30 мин|144—Заваряване на тръба и фланец към капа (челен шев вътр. и ъглов шев вън.)|145—20 мин|146—Притискане на заварено съединение, преса|147—10 мин|148—Стиковане и прихващане|149—5 мин|",,0.84,1.0,0.84,1.0,1.0,1.0,1.0,1.0,1,0,0,-1,1,0,0.0,0.0,-4.0,0.0,4.0,0.0,0.0,0.0,
6442,2,1,47412753,1319535282,45925431,0,1319535250,1319535250,44670355,0,0000000075,VW Полша,,PW,1,Неактивен 2,1) Грийн Иновейшън АД,"Вътрешна част(гъба,кръст,ос)",1,L,(автогенериран под-план),Yordan Markov,,Z,Демистър,"|101—Обезмасляване на кръст|103—12 мин общо|122—КОН, обезмаслител и изплакване|121—10 мин|123—Почистване с ацетон|124—2 мин|102—Рязане на ос|105—1 мин|104—Заваряване челно към кръст|106—2 мин|109—Нанизване на ос през центр. отвор|110—3 мин|114—Челно заваряване на ос|126—2 мин|",,0.84,1.0,0.84,1.0,1.0,1.0,1.0,1.0,0,-1,-1,1,0,0,-2.0,0.0,2.0,0.0,0.0,0.0,0.0,0.0,
6442,4,1,47412753,1319535282,40778195,0,1319535268,1319535268,44670355,0,0000000075,VW Полша,,WR,1,Неактивен 2,1) Грийн Иновейшън АД,"Вътрешна част(гъба,кръст,ос)",1,L,(автогенериран под-план),Yordan Markov,,Z,Демистър,"|101—Обезмасляване на кръст|103—12 мин общо|122—КОН, обезмаслител и изплакване|121—10 мин|123—Почистване с ацетон|124—2 мин|102—Рязане на ос|105—1 мин|104—Заваряване челно към кръст|106—2 мин|109—Нанизване на ос през центр. отвор|110—3 мин|114—Челно заваряване на ос|126—2 мин|",,0.84,1.0,0.84,1.0,1.0,1.0,1.0,1.0,1,0,0,-1,1,0,0.0,0.0,-2.0,0.0,2.0,0.0,0.0,0.0,
6442,5,1,43563959,1319535335,38799182,0,1319535293,1319535293,46788473,0,0000000076,VW Полша,,PW,1,Неактивен 2,1) Грийн Иновейшън АД,Тяло на демистър,1,L,,Yordan Markov,,Z,Демистър,|101—Рязане на тръба|103—5 мин|102—Подготовка краища|105—5 мин|104—Измиване и обезмасляване|106—30 мин|109—Оразмеряване|110—10 мин|114—Разпробиване на 3 отвора|126—15 мин|,,0.84,1.0,0.84,1.0,1.0,1.0,1.0,1.0,0,-1,-1,1,0,0,-2.0,0.0,2.0,0.0,0.0,0.0,0.0,0.0,
6442,7,1,43563959,1319535335,43349306,0,1319535323,1319535323,46788473,0,0000000076,VW Полша,,WR,1,Неактивен 2,1) Грийн Иновейшън АД,Тяло на демистър,1,L,,Yordan Markov,,Z,Демистър,|101—Рязане на тръба|103—5 мин|102—Подготовка краища|105—5 мин|104—Измиване и обезмасляване|106—30 мин|109—Оразмеряване|110—10 мин|114—Разпробиване на 3 отвора|126—15 мин|,,0.84,1.0,0.84,1.0,1.0,1.0,1.0,1.0,1,0,0,-1,1,0,0.0,0.0,-2.0,0.0,2.0,0.0,0.0,0.0,
6442,9,1,46362116,1319535395,35411133,0,1319535343,1319535343,47990845,0,0000000074,VW Полша,,PW,1,Неактивен 2,0. Разни,Среден фланец с тръба и коляно,1,L,(автогенериран под-план),Yordan Markov,,Z,Демистър,|101—Рязане|103—5 мин|102—Подготовка краища тръба 1`|105—7 мин|104—Заварка фланец към тръба (двустранен ъглов шев)|106—30 мин|109—Заварка челна на коляно към тръба и фланец|110—5 мин|114—Стиковане и прихващане|126—5 мин|,,0.84,1.0,0.84,1.0,1.0,1.0,1.0,1.0,0,-1,-1,1,0,0,-2.0,0.0,2.0,0.0,0.0,0.0,0.0,0.0,
6442,11,1,46362116,1319535395,33970879,0,1319535380,1319535380,47990845,0,0000000074,VW Полша,,WR,1,Неактивен 2,0. Разни,Среден фланец с тръба и коляно,1,L,(автогенериран под-план),Yordan Markov,,Z,Демистър,|101—Рязане|103—5 мин|102—Подготовка краища тръба 1`|105—7 мин|104—Заварка фланец към тръба (двустранен ъглов шев)|106—30 мин|109—Заварка челна на коляно към тръба и фланец|110—5 мин|114—Стиковане и прихващане|126—5 мин|,,0.84,1.0,0.84,1.0,1.0,1.0,1.0,1.0,1,0,0,-1,1,0,0.0,0.0,-2.0,0.0,2.0,0.0,0.0,0.0,
6448,0,1,47318391,1319535444,44831034,0,1319535400,1319535400,35853460,0,0000000071,VW Полша,,PW,1,0. СКЛАД - ОСНОВЕН,1.2.2 Съдове (Очиска),Демистър 4“,1,M,(разбит на под-планове),Yordan Markov,,Z,Демистър,"|101—Стиковане и точкуване на дъна към тяло|103—20 мин|102—Центриране, стиковане и прихващане на муфи|105—20 мин|104—Центриране на средна сглобка и фиксиране|106—20 мин|109—Фиксиране и прихващане на вътрешна част на 4 места|110—15 мин|114—Затваряне на капи|126—30 мин общо|115—Позициониране|117—Притискане|119—Прихващане|127—Заваряване на капи  към тяло|128—40 мин/ръчно|129—Заваряване на двете муфи|130—20 мин|131—Заваряване на среден фланец с тръба и коляно, ъглов шев|132—15 мин|133—Проход на резбите на муфи с метчик|134—20 мин|135—Елекртохимично почистване|136—20 мин|138—Измиване и изсушаване|139—20 мин|140—Заваряване планки на ъглов шев, двустранно|141—20 мин|",,0.84,1.0,0.84,1.0,1.0,1.0,1.0,1.0,0,-1,-1,1,0,0,-2.0,0.0,2.0,0.0,0.0,0.0,0.0,0.0,
6448,2,1,47318391,1319535444,34128221,0,1319535430,1319535430,35853460,0,0000000071,VW Полша,,WR,1,0. СКЛАД - ОСНОВЕН,1.2.2 Съдове (Очиска),Демистър 4“,1,M,(разбит на под-планове),Yordan Markov,,Z,Демистър,"|101—Стиковане и точкуване на дъна към тяло|103—20 мин|102—Центриране, стиковане и прихващане на муфи|105—20 мин|104—Центриране на средна сглобка и фиксиране|106—20 мин|109—Фиксиране и прихващане на вътрешна част на 4 места|110—15 мин|114—Затваряне на капи|126—30 мин общо|115—Позициониране|117—Притискане|119—Прихващане|127—Заваряване на капи  към тяло|128—40 мин/ръчно|129—Заваряване на двете муфи|130—20 мин|131—Заваряване на среден фланец с тръба и коляно, ъглов шев|132—15 мин|133—Проход на резбите на муфи с метчик|134—20 мин|135—Елекртохимично почистване|136—20 мин|138—Измиване и изсушаване|139—20 мин|140—Заваряване планки на ъглов шев, двустранно|141—20 мин|",,0.84,1.0,0.84,1.0,1.0,1.0,1.0,1.0,1,0,0,-1,1,0,0.0,0.0,-2.0,0.0,2.0,0.0,0.0,0.0,
6448,3,1,47816762,1322038579,-2,0,1322038544,1311532157,0,0,,,,TT,1,2. МЕТАЛХИДРИД,Вътрешни изделия и детайли,Табло Металхидрид,1,M,,ADMIN,,Z,Табло Металхидрид,,,0.84,1.0,0.84,1.0,1.0,1.0,1.0,1.0,0,0,0,0,0,0,0.0,0.0,0.0,0.0,0.0,0.0,0.0,0.0,
6448,12,1,42937997,1319555027,-2,0,1319555020,1312037749,0,0,,,,TT,1,Неактивен 2,0. Разни,Разпробита капа,1,L,,ADMIN,,Z,Демистър,|101—Фиксиране|103—2 мин|102—Дупчене|105—4 мин|104—Калибриране на отвор|106—5 мин|109—Взимане на фаски|110—2 мин|,,0.84,1.0,0.84,1.0,1.0,1.0,1.0,1.0,0,0,0,0,0,0,0.0,0.0,0.0,0.0,0.0,0.0,0.0,0.0,
6448,13,1,46788473,1319555297,-2,0,1319555280,1312034596,0,0,,,,TT,1,Неактивен 2,1) Грийн Иновейшън АД,Тяло на демистър,1,L,,ADMIN,,Z,Демистър,|101—Рязане на тръба|103—5 мин|102—Подготовка краища|105—5 мин|104—Измиване и обезмасляване|106—30 мин|109—Оразмеряване|110—10 мин|114—Разпробиване на 3 отвора|126—15 мин|,,0.84,1.0,0.84,1.0,1.0,1.0,1.0,1.0,0,0,0,0,0,0,0.0,0.0,0.0,0.0,0.0,0.0,0.0,0.0,
7170,1,1,49935511,1319555310,-2,0,1319555305,1312038500,0,0,,,,TT,1,Неактивен 2,1.2.1. Части (Очиска),Демистър 4“ - Дъно,1,L,,ADMIN,,Z,Демистър,"|101—Рязане на тръба|103—5 мин|102—Подготовка на краища|105—7 мин|104—Заваряване|106—65 мин всичко!|100—Заваряване дланец DN25 към тръба 1`(двустранен, ъглов шев)|108—30 мин|144—Заваряване на тръба и фланец към капа (челен шев вътр. и ъглов шев вън.)|145—20 мин|146—Притискане на заварено съединение, преса|147—10 мин|148—Стиковане и прихващане|149—5 мин|",,0.84,1.0,0.84,1.0,1.0,1.0,1.0,1.0,0,0,0,0,0,0,0.0,0.0,0.0,0.0,0.0,0.0,0.0,0.0,
7170,2,1,47990845,1319555263,-2,0,1319555248,1312062665,0,0,,,,TT,1,Неактивен 2,0. Разни,Среден фланец с тръба и коляно,1,L,,ADMIN,,Z,Демистър,|101—Рязане|103—5 мин|102—Подготовка краища тръба 1`|105—7 мин|104—Заварка фланец към тръба (двустранен ъглов шев)|106—30 мин|109—Заварка челна на коляно към тръба и фланец|110—5 мин|114—Стиковане и прихващане|126—5 мин|,,0.84,1.0,0.84,1.0,1.0,1.0,1.0,1.0,0,0,0,0,0,0,0.0,0.0,0.0,0.0,0.0,0.0,0.0,0.0,
7170,3,1,39297021,1321134097,36945574,0,1302341492,1302341492,1300860839,0,0000000002,Златна Панега,,PW,1,Склад,1) Грийн Иновейшън АД,АЕM-Z 500 kW,1,L,,ADMIN,,Z,,,,2.0,1.95583,1.02258,1.0,1.0,1.0,1.0,1.0,0,-1,-1,1,0,0,-1.0,0.0,1.0,0.0,0.0,0.0,0.0,0.0,
7170,4,1,49932569,1319751791,-2,0,1319751748,1308351747,0,0,,,,TT,1,Неактивен 2,1.3. Металхидрид,Бутилки Металхидрид - Полуготови,1,L,,ADMIN,,Z,Бутилки Металхидрид,|101—Подготовка на материалите|103—5 мин|102—Съединяване на материалите с точкуване|105—15 мин|104—Заваряване|106—10 мин|109—Почистване ЗТВ и визуален контрол|110—10 мин|,,0.84,1.0,0.84,1.0,1.0,1.0,1.0,1.0,0,0,0,0,0,0,0.0,0.0,0.0,0.0,0.0,0.0,0.0,0.0,
7170,5,1,35853460,1319555214,-2,0,1319555190,1312063269,0,0,,,,TT,1,0. СКЛАД - ОСНОВЕН,1.2.2 Съдове (Очиска),Демистър 4“,1,M,,ADMIN,,Z,Демистър,"|101—Стиковане и точкуване на дъна към тяло|103—20 мин|102—Центриране, стиковане и прихващане на муфи|105—20 мин|104—Центриране на средна сглобка и фиксиране|106—20 мин|109—Фиксиране и прихващане на вътрешна част на 4 места|110—15 мин|114—Затваряне на капи|126—30 мин общо|115—Позициониране|117—Притискане|119—Прихващане|127—Заваряване на капи  към тяло|128—40 мин/ръчно|129—Заваряване на двете муфи|130—20 мин|131—Заваряване на среден фланец с тръба и коляно, ъглов шев|132—15 мин|133—Проход на резбите на муфи с метчик|134—20 мин|135—Елекртохимично почистване|136—20 мин|138—Измиване и изсушаване|139—20 мин|140—Заваряване планки на ъглов шев, двустранно|141—20 мин|",,0.84,1.0,0.84,1.0,1.0,1.0,1.0,1.0,0,0,0,0,0,0,0.0,0.0,0.0,0.0,0.0,0.0,0.0,0.0,
7170,6,1,39297021,1321134097,46494003,0,1321133991,1321133991,1300860839,0,0000000002,Златна Панега,,WP,1,Склад,1) Грийн Иновейшън АД,АЕM-Z 500 kW,1,L,,Yordan Markov,,Z,,,,0.84,1.0,0.84,1.0,1.0,1.0,1.0,1.0,0,1,1,-1,0,0,1.0,0.0,-1.0,0.0,0.0,0.0,0.0,0.0,
7170,7,1,47122425,1321638732,36860047,0,1321638724,1321638724,42782948,0,0000000082,Склад Draft,,WR,1,0. СКЛАД - ОСНОВЕН,1.1.1. Части (Електролизьор),Уплътнение (S.G.M. PTFE) с пластини 1060x900x5мм,1,M,,Yordan Markov,,Z,,,,0.84,1.0,0.84,1.0,1.0,1.0,1.0,1.0,1,0,0,-1,1,0,0.0,0.0,-30.0,0.0,30.0,0.0,0.0,0.0,
7170,8,1,47122425,1321638732,45905695,0,1321638651,1321638651,42782948,0,0000000082,Склад Draft,,PW,1,0. СКЛАД - ОСНОВЕН,1.1.1. Части (Електролизьор),Уплътнение (S.G.M. PTFE) с пластини 1060x900x5мм,1,M,,Yordan Markov,,Z,,,,0.84,1.0,0.84,1.0,1.0,1.0,1.0,1.0,0,-1,-1,1,0,0,-30.0,0.0,30.0,0.0,0.0,0.0,0.0,0.0,
7170,10,1,47122425,1321638732,-1,0,1321638568,1321638568,42782948,0,0000000082,Склад Draft,,TP,1,0. СКЛАД - ОСНОВЕН,1.1.1. Части (Електролизьор),Уплътнение (S.G.M. PTFE) с пластини 1060x900x5мм,1,M,,Yordan Markov,,Z,,,,0.84,1.0,0.84,1.0,1.0,1.0,1.0,1.0,0,0,1,0,0,0,0.0,0.0,0.0,0.0,30.0,0.0,0.0,0.0,
7170,11,1,46928733,1322037667,-1,0,1322037352,1322037409,49935511,0,0000000084,Брикел,,TP,1,Неактивен 2,1.2.1. Части (Очиска),Демистър 4“ - Дъно,1,M,(автогенериран под-план),Yordan Markov,,Z,Демистър,"|101—Рязане на тръба|103—5 мин|102—Подготовка на краища|105—7 мин|104—Заваряване|106—65 мин всичко!|100—Заваряване дланец DN25 към тръба 1`(двустранен, ъглов шев)|108—30 мин|144—Заваряване на тръба и фланец към капа (челен шев вътр. и ъглов шев вън.)|145—20 мин|146—Притискане на заварено съединение, преса|147—10 мин|148—Стиковане и прихващане|149—5 мин|",,0.84,1.0,0.84,1.0,1.0,1.0,1.0,1.0,0,0,1,0,0,0,0.0,0.0,0.0,0.0,2.0,0.0,0.0,0.0,
7170,13,1,44642751,1322037634,-1,0,1322037352,1322037409,42937997,0,0000000085,Брикел,,TP,1,Неактивен 2,0. Разни,Разпробита капа,1,M,(автогенериран под-план),Yordan Markov,,Z,Демистър,|101—Фиксиране|103—2 мин|102—Дупчене|105—4 мин|104—Калибриране на отвор|106—5 мин|109—Взимане на фаски|110—2 мин|,,0.84,1.0,0.84,1.0,1.0,1.0,1.0,1.0,0,0,1,0,0,0,0.0,0.0,0.0,0.0,2.0,0.0,0.0,0.0,
7354,2,1,47233553,1318861857,36714885,0,1318861769,1318861769,49935511,0,0000000047,Брикел,,PW,1,Неактивен 2,1.2.1. Части (Очиска),Демистър 4“ - Дъно,1,L,(автогенериран под-план),Yordan Markov,,Z,Демистър,"|101—Рязане на тръба|103—5 мин|102—Подготовка на краища|105—7 мин|104—Заваряване|106—65 мин всичко!|100—Заваряване дланец DN25 към тръба 1`(двустранен, ъглов шев)|108—30 мин|144—Заваряване на тръба и фланец към капа (челен шев вътр. и ъглов шев вън.)|145—20 мин|146—Притискане на заварено съединение, преса|147—10 мин|148—Стиковане и прихващане|149—5 мин|",,0.84,1.0,0.84,1.0,1.0,1.0,1.0,1.0,0,-1,-1,1,0,0,-8.0,0.0,8.0,0.0,0.0,0.0,0.0,0.0,
7354,4,1,47233553,1318861857,44836816,0,1318861839,1318861839,49935511,0,0000000047,Брикел,,WR,1,Неактивен 2,1.2.1. Части (Очиска),Демистър 4“ - Дъно,1,L,(автогенериран под-план),Yordan Markov,,Z,Демистър,"|101—Рязане на тръба|103—5 мин|102—Подготовка на краища|105—7 мин|104—Заваряване|106—65 мин всичко!|100—Заваряване дланец DN25 към тръба 1`(двустранен, ъглов шев)|108—30 мин|144—Заваряване на тръба и фланец към капа (челен шев вътр. и ъглов шев вън.)|145—20 мин|146—Притискане на заварено съединение, преса|147—10 мин|148—Стиковане и прихващане|149—5 мин|",,0.84,1.0,0.84,1.0,1.0,1.0,1.0,1.0,1,0,0,-1,1,0,0.0,0.0,-8.0,0.0,8.0,0.0,0.0,0.0,
7354,5,1,34055391,1318861928,46236987,0,1318861864,1318861864,47990845,0,0000000049,Брикел,,PW,1,Неактивен 2,0. Разни,Среден фланец с тръба и коляно,1,L,(автогенериран под-план),Yordan Markov,,Z,Демистър,|101—Рязане|103—5 мин|102—Подготовка краища тръба 1`|105—7 мин|104—Заварка фланец към тръба (двустранен ъглов шев)|106—30 мин|109—Заварка челна на коляно към тръба и фланец|110—5 мин|114—Стиковане и прихващане|126—5 мин|,,0.84,1.0,0.84,1.0,1.0,1.0,1.0,1.0,0,-1,-1,1,0,0,-4.0,0.0,4.0,0.0,0.0,0.0,0.0,0.0,
7354,6,1,39753949,1317636090,35842324,0,1307631746,1307631746,1300860756,0,0000000005,Царево,,PW,1,Склад,1) Грийн Иновейшън АД,АЕМ 10 kW,1,L,,ADMIN,,Z,,,,2.0,1.95583,1.02258,1.0,1.0,1.0,1.0,1.0,0,-1,-1,1,0,0,-1.0,0.0,1.0,0.0,0.0,0.0,0.0,0.0,
7354,7,1,39753949,1317636090,-1,0,1307631717,1307631717,1300860756,1300860756,0000000005,Царево,,TP,1,Склад,1) Грийн Иновейшън АД,АЕМ 10 kW,1,L,,ADMIN,,Z,,,,2.0,1.95583,1.02258,1.0,1.0,1.0,1.0,1.0,0,0,1,0,0,0,0.0,1.0,1.0,0.0,0.0,0.0,0.0,0.0,
7354,9,1,34055391,1318861928,49540274,0,1318861915,1318861915,47990845,0,0000000049,Брикел,,WR,1,Неактивен 2,0. Разни,Среден фланец с тръба и коляно,1,L,(автогенериран под-план),Yordan Markov,,Z,Демистър,|101—Рязане|103—5 мин|102—Подготовка краища тръба 1`|105—7 мин|104—Заварка фланец към тръба (двустранен ъглов шев)|106—30 мин|109—Заварка челна на коляно към тръба и фланец|110—5 мин|114—Стиковане и прихващане|126—5 мин|,,0.84,1.0,0.84,1.0,1.0,1.0,1.0,1.0,1,0,0,-1,1,0,0.0,0.0,-4.0,0.0,4.0,0.0,0.0,0.0,
7354,11,1,35768859,1318861998,48482632,0,1318861936,1318861936,44670355,0,0000000050,Брикел,,PW,1,Неактивен 2,1) Грийн Иновейшън АД,"Вътрешна част(гъба,кръст,ос)",1,L,(автогенериран под-план),Yordan Markov,,Z,Демистър,"|101—Обезмасляване на кръст|103—12 мин общо|122—КОН, обезмаслител и изплакване|121—10 мин|123—Почистване с ацетон|124—2 мин|102—Рязане на ос|105—1 мин|104—Заваряване челно към кръст|106—2 мин|109—Нанизване на ос през центр. отвор|110—3 мин|114—Челно заваряване на ос|126—2 мин|",,0.84,1.0,0.84,1.0,1.0,1.0,1.0,1.0,0,-1,-1,1,0,0,-4.0,0.0,4.0,0.0,0.0,0.0,0.0,0.0,
7354,13,1,35768859,1318861998,43763387,0,1318861982,1318861982,44670355,0,0000000050,Брикел,,WR,1,Неактивен 2,1) Грийн Иновейшън АД,"Вътрешна част(гъба,кръст,ос)",1,L,(автогенериран под-план),Yordan Markov,,Z,Демистър,"|101—Обезмасляване на кръст|103—12 мин общо|122—КОН, обезмаслител и изплакване|121—10 мин|123—Почистване с ацетон|124—2 мин|102—Рязане на ос|105—1 мин|104—Заваряване челно към кръст|106—2 мин|109—Нанизване на ос през центр. отвор|110—3 мин|114—Челно заваряване на ос|126—2 мин|",,0.84,1.0,0.84,1.0,1.0,1.0,1.0,1.0,1,0,0,-1,1,0,0.0,0.0,-4.0,0.0,4.0,0.0,0.0,0.0,
7758,0,1,35253452,1322038035,-1,0,1322037352,1322037352,35853460,0,0000000083,Брикел,,TP,1,0. СКЛАД - ОСНОВЕН,1.2.2 Съдове (Очиска),Демистър 4“,1,M,(разбит на под-планове),Yordan Markov,,Z,Демистър,"|101—Стиковане и точкуване на дъна към тяло|103—20 мин|102—Центриране, стиковане и прихващане на муфи|105—20 мин|104—Центриране на средна сглобка и фиксиране|106—20 мин|109—Фиксиране и прихващане на вътрешна част на 4 места|110—15 мин|114—Затваряне на капи|126—30 мин общо|115—Позициониране|117—Притискане|119—Прихващане|127—Заваряване на капи  към тяло|128—40 мин/ръчно|129—Заваряване на двете муфи|130—20 мин|131—Заваряване на среден фланец с тръба и коляно, ъглов шев|132—15 мин|133—Проход на резбите на муфи с метчик|134—20 мин|135—Елекртохимично почистване|136—20 мин|138—Измиване и изсушаване|139—20 мин|140—Заваряване планки на ъглов шев, двустранно|141—20 мин|",,0.84,1.0,0.84,1.0,1.0,1.0,1.0,1.0,0,0,1,0,0,0,0.0,0.0,0.0,0.0,1.0,0.0,0.0,0.0,
7758,1,1,33563746,1322037694,-1,0,1322037352,1322037409,47990845,0,0000000086,Брикел,,TP,1,Неактивен 2,0. Разни,Среден фланец с тръба и коляно,1,M,(автогенериран под-план),Yordan Markov,,Z,Демистър,|101—Рязане|103—5 мин|102—Подготовка краища тръба 1`|105—7 мин|104—Заварка фланец към тръба (двустранен ъглов шев)|106—30 мин|109—Заварка челна на коляно към тръба и фланец|110—5 мин|114—Стиковане и прихващане|126—5 мин|,,0.84,1.0,0.84,1.0,1.0,1.0,1.0,1.0,0,0,1,0,0,0,0.0,0.0,0.0,0.0,1.0,0.0,0.0,0.0,
7758,3,1,47052848,1322037945,41239097,0,1322037920,1322037920,44670355,0,0000000087,Брикел,,PR,1,Неактивен 2,1) Грийн Иновейшън АД,"Вътрешна част(гъба,кръст,ос)",1,M,(автогенериран под-план),Yordan Markov,,Z,Демистър,"|101—Обезмасляване на кръст|103—12 мин общо|122—КОН, обезмаслител и изплакване|121—10 мин|123—Почистване с ацетон|124—2 мин|102—Рязане на ос|105—1 мин|104—Заваряване челно към кръст|106—2 мин|109—Нанизване на ос през центр. отвор|110—3 мин|114—Челно заваряване на ос|126—2 мин|",,0.84,1.0,0.84,1.0,1.0,1.0,1.0,1.0,1,-1,-1,0,1,0,-1.0,0.0,0.0,0.0,1.0,0.0,0.0,0.0,
7758,5,1,34223473,1322037752,-1,0,1322037352,1322037410,46788473,0,0000000088,Брикел,,TP,1,Неактивен 2,1) Грийн Иновейшън АД,Тяло на демистър,1,M,(автогенериран под-план),Yordan Markov,,Z,Демистър,|101—Рязане на тръба|103—5 мин|102—Подготовка краища|105—5 мин|104—Измиване и обезмасляване|106—30 мин|109—Оразмеряване|110—10 мин|114—Разпробиване на 3 отвора|126—15 мин|,,0.84,1.0,0.84,1.0,1.0,1.0,1.0,1.0,0,0,1,0,0,0,0.0,0.0,0.0,0.0,1.0,0.0,0.0,0.0,
7758,7,1,44642751,1322037634,46085756,0,1322037610,1322037610,42937997,0,0000000085,Брикел,,PR,1,Неактивен 2,0. Разни,Разпробита капа,1,M,(автогенериран под-план),Yordan Markov,,Z,Демистър,|101—Фиксиране|103—2 мин|102—Дупчене|105—4 мин|104—Калибриране на отвор|106—5 мин|109—Взимане на фаски|110—2 мин|,,0.84,1.0,0.84,1.0,1.0,1.0,1.0,1.0,1,-1,-1,0,1,0,-2.0,0.0,0.0,0.0,2.0,0.0,0.0,0.0,
7758,9,1,46928733,1322037667,40771899,0,1322037643,1322037643,49935511,0,0000000084,Брикел,,PR,1,Неактивен 2,1.2.1. Части (Очиска),Демистър 4“ - Дъно,1,M,(автогенериран под-план),Yordan Markov,,Z,Демистър,"|101—Рязане на тръба|103—5 мин|102—Подготовка на краища|105—7 мин|104—Заваряване|106—65 мин всичко!|100—Заваряване дланец DN25 към тръба 1`(двустранен, ъглов шев)|108—30 мин|144—Заваряване на тръба и фланец към капа (челен шев вътр. и ъглов шев вън.)|145—20 мин|146—Притискане на заварено съединение, преса|147—10 мин|148—Стиковане и прихващане|149—5 мин|",,0.84,1.0,0.84,1.0,1.0,1.0,1.0,1.0,1,-1,-1,0,1,0,-2.0,0.0,0.0,0.0,2.0,0.0,0.0,0.0,
7758,11,1,33563746,1322037694,47875829,0,1322037672,1322037672,47990845,0,0000000086,Брикел,,PR,1,Неактивен 2,0. Разни,Среден фланец с тръба и коляно,1,M,(автогенериран под-план),Yordan Markov,,Z,Демистър,|101—Рязане|103—5 мин|102—Подготовка краища тръба 1`|105—7 мин|104—Заварка фланец към тръба (двустранен ъглов шев)|106—30 мин|109—Заварка челна на коляно към тръба и фланец|110—5 мин|114—Стиковане и прихващане|126—5 мин|,,0.84,1.0,0.84,1.0,1.0,1.0,1.0,1.0,1,-1,-1,0,1,0,-1.0,0.0,0.0,0.0,1.0,0.0,0.0,0.0,
7758,13,1,34223473,1322037752,46441739,0,1322037720,1322037720,46788473,0,0000000088,Брикел,,PR,1,Неактивен 2,1) Грийн Иновейшън АД,Тяло на демистър,1,M,(автогенериран под-план),Yordan Markov,,Z,Демистър,|101—Рязане на тръба|103—5 мин|102—Подготовка краища|105—5 мин|104—Измиване и обезмасляване|106—30 мин|109—Оразмеряване|110—10 мин|114—Разпробиване на 3 отвора|126—15 мин|,,0.84,1.0,0.84,1.0,1.0,1.0,1.0,1.0,1,-1,-1,0,1,0,-1.0,0.0,0.0,0.0,1.0,0.0,0.0,0.0,
7760,3,1,44670355,1322037889,-2,0,1322037853,1312049510,0,0,,,,TT,1,Неактивен 2,1) Грийн Иновейшън АД,"Вътрешна част(гъба,кръст,ос)",1,M,,ADMIN,,Z,Демистър,"|101—Обезмасляване на кръст|103—12 мин общо|122—КОН, обезмаслител и изплакване|121—10 мин|123—Почистване с ацетон|124—2 мин|102—Рязане на ос|105—1 мин|104—Заваряване челно към кръст|106—2 мин|109—Нанизване на ос през центр. отвор|110—3 мин|114—Челно заваряване на ос|126—2 мин|",,0.84,1.0,0.84,1.0,1.0,1.0,1.0,1.0,0,0,0,0,0,0,0.0,0.0,0.0,0.0,0.0,0.0,0.0,0.0,
7760,4,1,47052848,1322037945,-1,0,1322037352,1322037410,44670355,0,0000000087,Брикел,,TP,1,Неактивен 2,1) Грийн Иновейшън АД,"Вътрешна част(гъба,кръст,ос)",1,M,(автогенериран под-план),Yordan Markov,,Z,Демистър,"|101—Обезмасляване на кръст|103—12 мин общо|122—КОН, обезмаслител и изплакване|121—10 мин|123—Почистване с ацетон|124—2 мин|102—Рязане на ос|105—1 мин|104—Заваряване челно към кръст|106—2 мин|109—Нанизване на ос през центр. отвор|110—3 мин|114—Челно заваряване на ос|126—2 мин|",,0.84,1.0,0.84,1.0,1.0,1.0,1.0,1.0,0,0,1,0,0,0,0.0,0.0,0.0,0.0,1.0,0.0,0.0,0.0,
7760,6,1,35253452,1322038035,35646698,0,1322037956,1322037956,35853460,0,0000000083,Брикел,,PR,1,0. СКЛАД - ОСНОВЕН,1.2.2 Съдове (Очиска),Демистър 4“,1,M,(разбит на под-планове),Yordan Markov,,Z,Демистър,"|101—Стиковане и точкуване на дъна към тяло|103—20 мин|102—Центриране, стиковане и прихващане на муфи|105—20 мин|104—Центриране на средна сглобка и фиксиране|106—20 мин|109—Фиксиране и прихващане на вътрешна част на 4 места|110—15 мин|114—Затваряне на капи|126—30 мин общо|115—Позициониране|117—Притискане|119—Прихващане|127—Заваряване на капи  към тяло|128—40 мин/ръчно|129—Заваряване на двете муфи|130—20 мин|131—Заваряване на среден фланец с тръба и коляно, ъглов шев|132—15 мин|133—Проход на резбите на муфи с метчик|134—20 мин|135—Елекртохимично почистване|136—20 мин|138—Измиване и изсушаване|139—20 мин|140—Заваряване планки на ъглов шев, двустранно|141—20 мин|",,0.84,1.0,0.84,1.0,1.0,1.0,1.0,1.0,1,-1,-1,0,1,0,-1.0,0.0,0.0,0.0,1.0,0.0,0.0,0.0,
7760,7,1,35133179,1322059513,-1,0,1322059224,1322059310,49932569,0,0000000090,0,,TP,1,Неактивен 2,1.3. Металхидрид,Бутилки Металхидрид - Полуготови,1,M,(автогенериран под-план),Yordan Markov,,Z,Бутилки Металхидрид,|101—Подготовка на материалите|103—5 мин|102—Съединяване на материалите с точкуване|105—15 мин|104—Заваряване|106—10 мин|109—Почистване ЗТВ и визуален контрол|110—10 мин|,,0.84,1.0,0.84,1.0,1.0,1.0,1.0,1.0,0,0,1,0,0,0,0.0,0.0,0.0,0.0,10.0,0.0,0.0,0.0,
7760,8,1,35662472,1322059594,-1,0,1322059224,1322059224,43187788,0,0000000089,0,,TP,1,Неактивен 3,1.3. Металхидрид,Бутилки Металхидрид - Готови,1,M,(разбит на под-планове),Yordan Markov,,Z,Бутилки Металхидрид,"|6—Готов|101—Активиране|103—2 часа|122—Вакуум|121—1 час|123—Нагряване|124—1 час|125—50л. водород, 1.5KW енергия|102—Монтаж бърза връзка|105—20 мин./бр.|104—Подготовка за експедиция/разреждане|106—1 час|",,0.84,1.0,0.84,1.0,1.0,1.0,1.0,1.0,0,0,1,0,0,0,0.0,0.0,0.0,0.0,10.0,0.0,0.0,0.0,
7760,10,1,46947183,1322059416,-1,0,1322059224,1322059310,44960646,0,0000000091,0,,TP,1,2. МЕТАЛХИДРИД,Вътрешни изделия и детайли,Тапа за бутилка,1,M,(автогенериран под-план),Yordan Markov,,Z,Бутилки Металхидрид,"|101—Струговане на прът ф35-ф33,5|103—5 мин|102—Челосване|105—1 мин|104—Струговане на шийка ф33,5-ф16,5|106—5 мин|109—Пробиване с 3 центрови свредла|110—10 мин|114—Нарязване на конусна резба|126—2 мин|127—Взимане на фаски|128—1 мин|129—Отрязване|130—2 мин|131—Челосване задна страна|132—1 мин|133—Засечка|134—1 мин|135—Взимане на фаски|136—1 мин|",,0.84,1.0,0.84,1.0,1.0,1.0,1.0,1.0,0,0,1,0,0,0,0.0,0.0,0.0,0.0,10.0,0.0,0.0,0.0,
7760,12,1,46263368,1322059380,-1,0,1322059224,1322059310,45613224,1042,0000000092,0,,TP,1,2. МЕТАЛХИДРИД,Вътрешни изделия и детайли,Дъно за бутилка,1,M,(автогенериран под-план),Yordan Markov,,Z,Бутилки Металхидрид,"|101—Струговане на прът ф35-ф33,5|103—5 мин|102—Челосване|105—1 мин|104—Взимане на фаски|106—1 мин|109—Отрязване|110—2 мин|114—Челосване задна страна|126—1 мин|127—Взимане на фаски|128—1 мин|",,0.84,1.0,0.84,1.0,1.0,1.0,1.0,1.0,0,0,1,0,0,0,0.0,0.0,0.0,0.0,10.0,0.0,0.0,0.0,
7772,0,1,36444547,1322059346,-1,0,1322059224,1322059310,45739937,0,0000000093,0,,TP,1,2. МЕТАЛХИДРИД,Вътрешни изделия и детайли,Тяло на бутилка,1,M,(автогенериран под-план),Yordan Markov,,Z,Бутилки Металхидрид,|101—Рязане на тръба|103—2 мин|102—Челосване|105—2 мин|104—Външна фаска|106—1 мин|109—Подготовка на тяло за засечка|110—5 мин|114—Засечка|126—1 мин|127—Вътрешна фаска|128—1 мин|,,0.84,1.0,0.84,1.0,1.0,1.0,1.0,1.0,0,0,1,0,0,0,0.0,0.0,0.0,0.0,10.0,0.0,0.0,0.0,
7772,2,1,43656528,1322059466,-1,0,1322059224,1322059310,38528262,0,0000000094,0,,TP,1,2. МЕТАЛХИДРИД,Вътрешни изделия и детайли,Пълнеж за бутилка,1,M,(автогенериран под-план),Yordan Markov,,Z,Бутилки Металхидрид,|6—Операции и разходи за 1кг. пълнеж|101—Теглене|103—2 мин.|102—Смесване на суровини|105—1 мин.|104—Стопяване в индукционна пещ|106—30 мин.|107—4 KW за 30 мин.|100—Изстиване|108—30 мин.|109—Разпрашаване|110—8 часа|113—500 литра H2|111—Зареждане на реактор|112—30 мин.|114—Пудра|115—Теглене|116—1 мин.|117—Пълнене|118—2-5 мин.|119—Затваряне|120—5 мин.|,,0.84,1.0,0.84,1.0,1.0,1.0,1.0,1.0,0,0,1,0,0,0,0.0,0.0,0.0,0.0,3.3,0.0,0.0,0.0,
7772,4,1,36444547,1322059346,47051795,0,1322059326,1322059326,45739937,0,0000000093,0,,PR,1,2. МЕТАЛХИДРИД,Вътрешни изделия и детайли,Тяло на бутилка,1,M,(автогенериран под-план),Yordan Markov,,Z,Бутилки Металхидрид,|101—Рязане на тръба|103—2 мин|102—Челосване|105—2 мин|104—Външна фаска|106—1 мин|109—Подготовка на тяло за засечка|110—5 мин|114—Засечка|126—1 мин|127—Вътрешна фаска|128—1 мин|,,0.84,1.0,0.84,1.0,1.0,1.0,1.0,1.0,1,-1,-1,0,1,0,-10.0,0.0,0.0,0.0,10.0,0.0,0.0,0.0,
7772,5,1,46263368,1322059380,36268270,0,1322059353,1322059353,45613224,0,0000000092,0,,PR,1,2. МЕТАЛХИДРИД,Вътрешни изделия и детайли,Дъно за бутилка,1,M,(автогенериран под-план),Yordan Markov,,Z,Бутилки Металхидрид,"|101—Струговане на прът ф35-ф33,5|103—5 мин|102—Челосване|105—1 мин|104—Взимане на фаски|106—1 мин|109—Отрязване|110—2 мин|114—Челосване задна страна|126—1 мин|127—Взимане на фаски|128—1 мин|",,0.84,1.0,0.84,1.0,1.0,1.0,1.0,1.0,1,-1,-1,0,1,0,-10.0,0.0,0.0,0.0,10.0,0.0,0.0,0.0,
7772,7,1,46947183,1322059416,49595758,0,1322059387,1322059387,44960646,0,0000000091,0,,PR,1,2. МЕТАЛХИДРИД,Вътрешни изделия и детайли,Тапа за бутилка,1,M,(автогенериран под-план),Yordan Markov,,Z,Бутилки Металхидрид,"|101—Струговане на прът ф35-ф33,5|103—5 мин|102—Челосване|105—1 мин|104—Струговане на шийка ф33,5-ф16,5|106—5 мин|109—Пробиване с 3 центрови свредла|110—10 мин|114—Нарязване на конусна резба|126—2 мин|127—Взимане на фаски|128—1 мин|129—Отрязване|130—2 мин|131—Челосване задна страна|132—1 мин|133—Засечка|134—1 мин|135—Взимане на фаски|136—1 мин|",,0.84,1.0,0.84,1.0,1.0,1.0,1.0,1.0,1,-1,-1,0,1,0,-10.0,0.0,0.0,0.0,10.0,0.0,0.0,0.0,
7772,9,1,43656528,1322059466,44713511,0,1322059426,1322059426,38528262,0,0000000094,0,,PR,1,2. МЕТАЛХИДРИД,Вътрешни изделия и детайли,Пълнеж за бутилка,1,M,(автогенериран под-план),Yordan Markov,,Z,Бутилки Металхидрид,|6—Операции и разходи за 1кг. пълнеж|101—Теглене|103—2 мин.|102—Смесване на суровини|105—1 мин.|104—Стопяване в индукционна пещ|106—30 мин.|107—4 KW за 30 мин.|100—Изстиване|108—30 мин.|109—Разпрашаване|110—8 часа|113—500 литра H2|111—Зареждане на реактор|112—30 мин.|114—Пудра|115—Теглене|116—1 мин.|117—Пълнене|118—2-5 мин.|119—Затваряне|120—5 мин.|,,0.84,1.0,0.84,1.0,1.0,1.0,1.0,1.0,1,-1,-1,0,1,0,-3.3,0.0,0.0,0.0,3.3,0.0,0.0,0.0,
7772,11,1,35133179,1322059513,46162283,0,1322059472,1322059472,49932569,0,0000000090,0,,PR,1,Неактивен 2,1.3. Металхидрид,Бутилки Металхидрид - Полуготови,1,M,(автогенериран под-план),Yordan Markov,,Z,Бутилки Металхидрид,|101—Подготовка на материалите|103—5 мин|102—Съединяване на материалите с точкуване|105—15 мин|104—Заваряване|106—10 мин|109—Почистване ЗТВ и визуален контрол|110—10 мин|,,0.84,1.0,0.84,1.0,1.0,1.0,1.0,1.0,1,-1,-1,0,1,0,-10.0,0.0,0.0,0.0,10.0,0.0,0.0,0.0,
7775,0,1,35662472,1322059594,35118242,0,1322059519,1322059519,43187788,0,0000000089,0,,PR,1,Неактивен 3,1.3. Металхидрид,Бутилки Металхидрид - Готови,1,M,(разбит на под-планове),Yordan Markov,,Z,Бутилки Металхидрид,"|6—Готов|101—Активиране|103—2 часа|122—Вакуум|121—1 час|123—Нагряване|124—1 час|125—50л. водород, 1.5KW енергия|102—Монтаж бърза връзка|105—20 мин./бр.|104—Подготовка за експедиция/разреждане|106—1 час|",,0.84,1.0,0.84,1.0,1.0,1.0,1.0,1.0,1,-1,-1,0,1,0,-10.0,0.0,0.0,0.0,10.0,0.0,0.0,0.0,
7775,3,1,42782948,1322759892,-2,0,1322759836,1321638418,0,0,,,,TT,1,0. СКЛАД - ОСНОВЕН,1.1.1. Части (Електролизьор),Уплътнение (S.G.M. PTFE) с пластини 1060x900x5мм,1,M,,Yordan Markov,,Z,,,,0.84,1.0,0.84,1.0,1.0,1.0,1.0,1.0,0,0,0,0,0,0,0.0,0.0,0.0,0.0,0.0,0.0,0.0,0.0,
7775,6,1,1300860652,1323161786,-2,0,1323161785,1300860652,0,1300860652,,,,TT,1,,1) Грийн Иновейшън АД,АЕМ-Z 30 kW,1,M,,ADMIN,,A,,,,0.84,1.0,0.84,1.0,1.0,1.0,1.0,1.0,0,0,0,0,0,0,0.0,0.0,0.0,0.0,0.0,0.0,0.0,0.0,
7775,7,1,1300860756,1323161787,-2,0,1323161786,1300860756,0,1300860756,,,,TT,1,,1) Грийн Иновейшън АД,АЕМ 10 kW,1,M,,ADMIN,,A,,,,0.84,1.0,0.84,1.0,1.0,1.0,1.0,1.0,0,0,0,0,0,0,0.0,0.0,0.0,0.0,0.0,0.0,0.0,0.0,
