__SOURCE_PAGE,__SOURCE_LINE,__RECORD_FORMAT,DATETIME,DT_DOC,DT_DOC_2S,DT_CHANGED,KASA,SMETKA,FIRMA,F_CONTACT,USD,DM,LV,S_1,S_2,S_3,S_4,S_5,LV_ZA_USD,LV_ZA_DM,DM_ZA_USD,LV_ZA_1,LV_ZA_2,LV_ZA_3,LV_ZA_4,LV_ZA_5,OWNER,SIGN_BY,PROPS,NOTE,IS_OPEN,IS_2S,CD_H_NUMBER,CD_H_DATE,IO_DATE,IO_DATE2
5253,0,1,2024181,1300333203,1300333203,1300358382,Z,0000000002,Склад,,0.0,0.0,0.0,0.0,0.0,0.0,0.0,0.0,2.0,1.95583,1.02258,1.0,1.0,1.0,1.0,1.0,ADMIN,,,,,N,,,0,0
5253,1,1,13280133,1300657971,1300657971,1300658020,Z,0000000003,Склад,,0.0,0.0,0.0,0.0,0.0,0.0,0.0,0.0,2.0,1.95583,1.02258,1.0,1.0,1.0,1.0,1.0,ADMIN,,,,,N,,,0,0
5253,2,1,5699944,1300838112,1300838112,1300838631,Z,0000000004,Склад,,0.0,0.0,0.0,0.0,0.0,0.0,0.0,0.0,2.0,1.95583,1.02258,1.0,1.0,1.0,1.0,1.0,ADMIN,,,,,N,,,0,0
5253,3,1,49295105,1301045186,1301045186,1301051187,Z,0000000005,Склад,,0.0,0.0,0.0,0.0,0.0,0.0,0.0,0.0,2.0,1.95583,1.02258,1.0,1.0,1.0,1.0,1.0,ADMIN,,,,,N,,,0,0
5253,4,1,45100278,1301333838,1301333838,1301336161,Z,0000000006,Склад,,0.0,0.0,0.0,0.0,0.0,0.0,0.0,0.0,2.0,1.95583,1.02258,1.0,1.0,1.0,1.0,1.0,ADMIN,,,,,N,,,0,0
5253,5,1,36157225,1301443470,1301443470,1301533005,Z,0000000007,Склад,,0.0,0.0,0.0,0.0,0.0,0.0,0.0,0.0,2.0,1.95583,1.02258,1.0,1.0,1.0,1.0,1.0,ADMIN,,,,,N,,,0,0
5253,6,1,50019308,1301534615,1301534615,1301534703,Z,0000000008,Склад,,0.0,0.0,0.0,0.0,0.0,0.0,0.0,0.0,2.0,1.95583,1.02258,1.0,1.0,1.0,1.0,1.0,ADMIN,,,,,N,,,0,0
5253,7,1,43025231,1301635788,1301635788,1301640690,Z,0000000009,Склад,,0.0,0.0,0.0,0.0,0.0,0.0,0.0,0.0,2.0,1.95583,1.02258,1.0,1.0,1.0,1.0,1.0,ADMIN,,,,,N,,,0,0
5253,8,1,41379509,1301739936,1301739936,1301740044,Z,0000000010,Склад,,0.0,0.0,0.0,0.0,0.0,0.0,0.0,0.0,2.0,1.95583,1.02258,1.0,1.0,1.0,1.0,1.0,ADMIN,,,,,N,,,0,0
5253,9,1,39250253,1302038926,1302052540,1302059428,Z,0000000011,Склад,,0.0,0.0,0.0,0.0,0.0,0.0,0.0,0.0,2.0,1.95583,1.02258,1.0,1.0,1.0,1.0,1.0,ADMIN,ADMIN,,,,Y,,,0,0
5253,10,1,45941293,1302153122,1302153122,1302154207,Z,0000000012,Склад,,0.0,0.0,0.0,0.0,0.0,0.0,0.0,0.0,2.0,1.95583,1.02258,1.0,1.0,1.0,1.0,1.0,ADMIN,,,,,N,,,0,0
5253,11,1,38343640,1302242686,1302242686,1302265214,Z,0000000013,Склад,,0.0,0.0,0.0,0.0,0.0,0.0,0.0,0.0,2.0,1.95583,1.02258,1.0,1.0,1.0,1.0,1.0,ADMIN,,,,,N,,,0,0
5253,12,1,36445432,1302341934,1302341934,1302362390,Z,0000000014,Склад,,0.0,0.0,0.0,0.0,0.0,0.0,0.0,0.0,2.0,1.95583,1.02258,1.0,1.0,1.0,1.0,1.0,ADMIN,,,,,N,,,0,0
5253,13,1,35652614,1302433775,1302433775,1302450226,Z,0000000015,Склад,,0.0,0.0,0.0,0.0,0.0,0.0,0.0,0.0,2.0,1.95583,1.02258,1.0,1.0,1.0,1.0,1.0,ADMIN,,,,,N,,,0,0
5253,14,1,33898063,1302753912,1302753912,1302763545,Z,0000000016,Склад,,0.0,0.0,0.0,0.0,0.0,0.0,0.0,0.0,2.0,1.95583,1.02258,1.0,1.0,1.0,1.0,1.0,ADMIN,,,,,N,,,0,0
5253,15,1,35508917,1302933171,1302933171,1302960739,Z,0000000017,Склад,,0.0,0.0,0.0,0.0,0.0,0.0,0.0,0.0,2.0,1.95583,1.02258,1.0,1.0,1.0,1.0,1.0,ADMIN,,,,,N,,,0,0
5253,16,1,43907630,1303051611,1303051611,1303051647,Z,0000000018,Склад,,0.0,0.0,0.0,0.0,0.0,0.0,0.0,0.0,2.0,1.95583,1.02258,1.0,1.0,1.0,1.0,1.0,ADMIN,,,,,N,,,0,0
5253,17,1,38097640,1303135467,1303135467,1303136071,Z,0000000019,Склад,,0.0,0.0,0.0,0.0,0.0,0.0,0.0,0.0,2.0,1.95583,1.02258,1.0,1.0,1.0,1.0,1.0,ADMIN,,,,,N,,,0,0
5253,18,1,36687580,1303534067,1303534067,1303552455,Z,0000000020,Склад,,0.0,0.0,0.0,0.0,0.0,0.0,0.0,0.0,2.0,1.95583,1.02258,1.0,1.0,1.0,1.0,1.0,ADMIN,,,,,N,,,0,0
5253,19,1,34581046,1303638698,1303638698,1303661935,Z,0000000021,Склад,,0.0,0.0,0.0,0.0,0.0,0.0,0.0,0.0,2.0,1.95583,1.02258,1.0,1.0,1.0,1.0,1.0,ADMIN,,,,,N,,,0,0
5253,20,1,42927623,1303736122,1303736122,1304932579,Z,0000000022,Склад,,0.0,0.0,0.0,0.0,0.0,0.0,0.0,0.0,2.0,1.95583,1.02258,1.0,1.0,1.0,1.0,1.0,ADMIN,,,,,N,,,0,0
5253,21,1,46134798,1304934343,1304934343,1304961805,Z,0000000023,Склад,,0.0,0.0,0.0,0.0,0.0,0.0,0.0,0.0,2.0,1.95583,1.02258,1.0,1.0,1.0,1.0,1.0,ADMIN,,,,,N,,,0,0
5253,22,1,34500560,1305143397,1305143397,1305143434,Z,0000000024,Склад,,0.0,0.0,0.0,0.0,0.0,0.0,0.0,0.0,2.0,1.95583,1.02258,1.0,1.0,1.0,1.0,1.0,ADMIN,,,,,N,,,0,0
5253,23,1,46838331,1305238009,1305238009,1305544237,Z,0000000025,Склад,,0.0,0.0,0.0,0.0,0.0,0.0,0.0,0.0,2.0,1.95583,1.02258,1.0,1.0,1.0,1.0,1.0,ADMIN,,,,,N,,,0,0
5253,24,1,46433949,1305634437,1305634437,1305756068,Z,0000000026,Склад,,0.0,0.0,0.0,0.0,0.0,0.0,0.0,0.0,2.0,1.95583,1.02258,1.0,1.0,1.0,1.0,1.0,ADMIN,,,,,N,,,0,0
5253,25,1,42818507,1305836466,1305836466,1305854138,Z,0000000027,Склад,,0.0,0.0,0.0,0.0,0.0,0.0,0.0,0.0,2.0,1.95583,1.02258,1.0,1.0,1.0,1.0,1.0,ADMIN,,,,,N,,,0,0
5253,26,1,46287621,1305934966,1305934966,1305943142,Z,0000000028,Склад,,0.0,0.0,0.0,0.0,0.0,0.0,0.0,0.0,2.0,1.95583,1.02258,1.0,1.0,1.0,1.0,1.0,ADMIN,,,,,N,,,0,0
5253,27,1,41552683,1306335249,1306335249,1306338118,Z,0000000029,Склад,,0.0,0.0,0.0,0.0,0.0,0.0,0.0,0.0,2.0,1.95583,1.02258,1.0,1.0,1.0,1.0,1.0,ADMIN,,,,,N,,,0,0
5724,0,1,35456505,1306432944,1306432944,1306461014,Z,0000000030,Склад,,0.0,0.0,0.0,0.0,0.0,0.0,0.0,0.0,2.0,1.95583,1.02258,1.0,1.0,1.0,1.0,1.0,ADMIN,,,,,N,,,0,0
5724,1,1,35412725,1306534918,1306534918,1306633044,Z,0000000031,Склад,,0.0,0.0,0.0,0.0,0.0,0.0,0.0,0.0,2.0,1.95583,1.02258,1.0,1.0,1.0,1.0,1.0,ADMIN,,,,,N,,,0,0
5724,2,1,38191757,1306634068,1306634068,1307129455,Z,0000000032,Склад,,0.0,0.0,0.0,0.0,0.0,0.0,0.0,0.0,2.0,1.95583,1.02258,1.0,1.0,1.0,1.0,1.0,ADMIN,,,,,N,,,0,0
5724,3,1,34912317,1306934950,1306934950,1306960301,Z,0000000033,Склад,,0.0,0.0,0.0,0.0,0.0,0.0,0.0,0.0,2.0,1.95583,1.02258,1.0,1.0,1.0,1.0,1.0,ADMIN,,,,,N,,,0,0
5724,4,1,50300026,1307032550,1307032550,1307051401,Z,0000000034,Склад,,0.0,0.0,0.0,0.0,0.0,0.0,0.0,0.0,2.0,1.95583,1.02258,1.0,1.0,1.0,1.0,1.0,ADMIN,,,,,N,,,0,0
5724,5,1,40113045,1307132177,1307132177,1307151716,Z,0000000035,Склад,,0.0,0.0,0.0,0.0,0.0,0.0,0.0,0.0,2.0,1.95583,1.02258,1.0,1.0,1.0,1.0,1.0,ADMIN,,,,,N,,,0,0
5724,6,1,38962146,1307630064,1307630064,1307635629,Z,0000000036,Склад,,0.0,0.0,0.0,0.0,0.0,0.0,0.0,0.0,2.0,1.95583,1.02258,1.0,1.0,1.0,1.0,1.0,ADMIN,,,,,N,,,0,0
5724,7,1,34654104,1307631562,1307631562,1307658393,Z,0000000037,Склад,,0.0,0.0,0.0,0.0,0.0,0.0,0.0,0.0,2.0,1.95583,1.02258,1.0,1.0,1.0,1.0,1.0,ADMIN,,,,,N,,,0,0
5724,8,1,40930234,1307739570,1307739570,1307745429,Z,0000000038,Склад,,0.0,0.0,0.0,0.0,0.0,0.0,0.0,0.0,2.0,1.95583,1.02258,1.0,1.0,1.0,1.0,1.0,ADMIN,,,,,N,,,0,0
5724,9,1,39090881,1307841153,1307841153,1307850251,Z,0000000039,Склад,,0.0,0.0,0.0,0.0,0.0,0.0,0.0,0.0,2.0,1.95583,1.02258,1.0,1.0,1.0,1.0,1.0,ADMIN,,,,,N,,,0,0
5724,10,1,36366208,1307929826,1307929826,1308055253,Z,0000000040,Склад,,0.0,0.0,0.0,0.0,0.0,0.0,0.0,0.0,2.0,1.95583,1.02258,1.0,1.0,1.0,1.0,1.0,ADMIN,,,,,N,,,0,0
5724,11,1,50139290,1308433821,1308433821,1308434672,Z,0000000041,Склад,,0.0,0.0,0.0,0.0,0.0,0.0,0.0,0.0,2.0,1.95583,1.02258,1.0,1.0,1.0,1.0,1.0,ADMIN,,,,,N,,,0,0
5724,12,1,50302728,1308443838,1308443838,1308553896,Z,0000000042,Склад,,0.0,0.0,0.0,0.0,0.0,0.0,0.0,0.0,2.0,1.95583,1.02258,1.0,1.0,1.0,1.0,1.0,ADMIN,,,,,N,,,0,0
5724,13,1,44612348,1308638641,1308638641,1308732000,Z,0000000043,Склад,,0.0,0.0,0.0,0.0,0.0,0.0,0.0,0.0,2.0,1.95583,1.02258,1.0,1.0,1.0,1.0,1.0,ADMIN,,,,,N,,,0,0
5724,14,1,36515334,1308732561,1308732561,1308734762,Z,0000000044,Склад,,0.0,0.0,0.0,0.0,0.0,0.0,0.0,0.0,2.0,1.95583,1.02258,1.0,1.0,1.0,1.0,1.0,ADMIN,,,,,N,,,0,0
5724,15,1,48744990,1309033607,1309033607,1309129889,Z,0000000045,Склад,,0.0,0.0,0.0,0.0,0.0,0.0,0.0,0.0,2.0,1.95583,1.02258,1.0,1.0,1.0,1.0,1.0,ADMIN,,,,,N,,,0,0
5724,16,1,35740134,1309140016,1309140016,1309140166,Z,0000000046,Склад,,0.0,0.0,0.0,0.0,0.0,0.0,0.0,0.0,2.0,1.95583,1.02258,1.0,1.0,1.0,1.0,1.0,ADMIN,,,,,N,,,0,0
5724,17,1,33607616,1309245595,1309245595,1309245630,Z,0000000047,Склад,,0.0,0.0,0.0,0.0,0.0,0.0,0.0,0.0,2.0,1.95583,1.02258,1.0,1.0,1.0,1.0,1.0,ADMIN,,,,,N,,,0,0
5724,18,1,48764191,1309339704,1309339704,1309360545,Z,0000000048,Склад,,0.0,0.0,0.0,0.0,0.0,0.0,0.0,0.0,2.0,1.95583,1.02258,1.0,1.0,1.0,1.0,1.0,ADMIN,,,,,N,,,0,0
5724,19,1,41471516,1309432034,1309432034,1309455873,Z,0000000049,Склад,,0.0,0.0,0.0,0.0,0.0,0.0,0.0,0.0,2.0,1.95583,1.02258,1.0,1.0,1.0,1.0,1.0,ADMIN,,,,,N,,,0,0
5724,20,1,43165521,1309735099,1309735099,1309735153,Z,0000000050,Склад,,0.0,0.0,0.0,0.0,0.0,0.0,0.0,0.0,2.0,1.95583,1.02258,1.0,1.0,1.0,1.0,1.0,ADMIN,,,,,N,,,0,0
5724,21,1,42344534,1309836536,1309836536,1309861127,Z,0000000051,Склад,,0.0,0.0,0.0,0.0,0.0,0.0,0.0,0.0,2.0,1.95583,1.02258,1.0,1.0,1.0,1.0,1.0,ADMIN,,,,,N,,,0,0
5724,22,1,47418464,1309952651,1309952651,1309952746,Z,0000000052,Склад,,0.0,0.0,0.0,0.0,0.0,0.0,0.0,0.0,2.0,1.95583,1.02258,1.0,1.0,1.0,1.0,1.0,ADMIN,,,,,N,,,0,0
5724,23,1,45750303,1310033301,1310033301,1310033331,Z,0000000053,Склад,,0.0,0.0,0.0,0.0,0.0,0.0,0.0,0.0,2.0,1.95583,1.02258,1.0,1.0,1.0,1.0,1.0,ADMIN,,,,,N,,,0,0
5724,24,1,46050287,1310034503,1310034503,1310044197,Z,0000000054,Склад,,0.0,0.0,0.0,0.0,0.0,0.0,0.0,0.0,2.0,1.95583,1.02258,1.0,1.0,1.0,1.0,1.0,ADMIN,,,,,N,,,0,0
5724,25,1,44706892,1310437717,1310437717,1310534116,Z,0000000055,Склад,,0.0,0.0,0.0,0.0,0.0,0.0,0.0,0.0,2.0,1.95583,1.02258,1.0,1.0,1.0,1.0,1.0,ADMIN,,,,,N,,,0,0
5724,26,1,43625906,1310550661,1310550661,1310642031,Z,0000000056,Склад,,0.0,0.0,0.0,0.0,0.0,0.0,0.0,0.0,2.0,1.95583,1.02258,1.0,1.0,1.0,1.0,1.0,ADMIN,,,,,N,,,0,0
5724,27,1,44997332,1310657284,1310657284,1310662837,Z,0000000057,Склад,,0.0,0.0,0.0,0.0,0.0,0.0,0.0,0.0,2.0,1.95583,1.02258,1.0,1.0,1.0,1.0,1.0,ADMIN,,,,,N,,,0,0
5618,0,1,37886824,1310740230,1310740230,1310759224,Z,0000000058,Склад,,0.0,0.0,0.0,0.0,0.0,0.0,0.0,0.0,2.0,1.95583,1.02258,1.0,1.0,1.0,1.0,1.0,ADMIN,,,,,N,,,0,0
5618,1,1,39480179,1310843561,1310843561,1310843623,Z,0000000059,Склад,,0.0,0.0,0.0,0.0,0.0,0.0,0.0,0.0,2.0,1.95583,1.02258,1.0,1.0,1.0,1.0,1.0,ADMIN,,,,,N,,,0,0
5618,2,1,49663305,1311140365,1311140365,1311162936,Z,0000000060,Склад,,0.0,0.0,0.0,0.0,0.0,0.0,0.0,0.0,2.0,1.95583,1.02258,1.0,1.0,1.0,1.0,1.0,ADMIN,,,,,N,,,0,0
5618,3,1,49723446,1311233739,1311233739,1311234185,Z,0000000061,Склад,,0.0,0.0,0.0,0.0,0.0,0.0,0.0,0.0,2.0,1.95583,1.02258,1.0,1.0,1.0,1.0,1.0,ADMIN,,,,,N,,,0,0
5618,4,1,49557151,1311339188,1311339188,1311339217,Z,0000000062,Склад,,0.0,0.0,0.0,0.0,0.0,0.0,0.0,0.0,2.0,1.95583,1.02258,1.0,1.0,1.0,1.0,1.0,ADMIN,,,,,N,,,0,0
5618,5,1,49018087,1311451136,1311451136,1311463516,Z,0000000063,Склад,,0.0,0.0,0.0,0.0,0.0,0.0,0.0,0.0,2.0,1.95583,1.02258,1.0,1.0,1.0,1.0,1.0,ADMIN,,,,,N,,,0,0
5618,6,1,49149689,1311858175,1311858175,1311858226,Z,0000000064,Склад,,0.0,0.0,0.0,0.0,0.0,0.0,0.0,0.0,2.0,1.95583,1.02258,1.0,1.0,1.0,1.0,1.0,ADMIN,,,,,N,,,0,0
5618,7,1,38298100,1311938565,1311938565,1312062479,Z,0000000065,Склад,,0.0,0.0,0.0,0.0,0.0,0.0,0.0,0.0,2.0,1.95583,1.02258,1.0,1.0,1.0,1.0,1.0,ADMIN,,,,,N,,,0,0
5618,8,1,44490305,1312135045,1312135045,1312162222,Z,0000000066,Склад,,0.0,0.0,0.0,0.0,0.0,0.0,0.0,0.0,2.0,1.95583,1.02258,1.0,1.0,1.0,1.0,1.0,ADMIN,,,,,N,,,0,0
5618,9,1,41497903,1312251064,1312251064,1312251099,Z,0000000067,Склад,,0.0,0.0,0.0,0.0,0.0,0.0,0.0,0.0,2.0,1.95583,1.02258,1.0,1.0,1.0,1.0,1.0,ADMIN,,,,,N,,,0,0
5618,10,1,45255950,1312550865,1312550865,1312643117,Z,0000000068,Склад,,0.0,0.0,0.0,0.0,0.0,0.0,0.0,0.0,2.0,1.95583,1.02258,1.0,1.0,1.0,1.0,1.0,ADMIN,,,,,N,,,0,0
5618,11,1,36499861,1312738050,1312738050,1312845088,Z,0000000069,Склад,,0.0,0.0,0.0,0.0,0.0,0.0,0.0,0.0,2.0,1.95583,1.02258,1.0,1.0,1.0,1.0,1.0,ADMIN,,,,,N,,,0,0
5618,12,1,35692654,1312845098,1312845098,1312845147,Z,0000000070,Склад,,0.0,0.0,0.0,0.0,0.0,0.0,0.0,0.0,2.0,1.95583,1.02258,1.0,1.0,1.0,1.0,1.0,ADMIN,,,,,N,,,0,0
5618,13,1,44723633,1312930189,1312930189,1312933937,Z,0000000071,Склад,,0.0,0.0,0.0,0.0,0.0,0.0,0.0,0.0,2.0,1.95583,1.02258,1.0,1.0,1.0,1.0,1.0,ADMIN,,,,,N,,,0,0
5618,14,1,39256853,1313234272,1313234272,1313234402,Z,0000000072,Склад,,0.0,0.0,0.0,0.0,0.0,0.0,0.0,0.0,2.0,1.95583,1.02258,1.0,1.0,1.0,1.0,1.0,ADMIN,,,,,N,,,0,0
5618,15,1,49656560,1313538962,1313538962,1313539018,Z,0000000073,Склад,,0.0,0.0,0.0,0.0,0.0,0.0,0.0,0.0,2.0,1.95583,1.02258,1.0,1.0,1.0,1.0,1.0,ADMIN,,,,,N,,,0,0
5618,16,1,42987026,1313541231,1313541231,1313551341,Z,0000000074,Склад,,0.0,0.0,0.0,0.0,0.0,0.0,0.0,0.0,2.0,1.95583,1.02258,1.0,1.0,1.0,1.0,1.0,ADMIN,,,,,N,,,0,0
5618,17,1,49142060,1313632692,1313632692,1313644548,Z,0000000075,Склад,,0.0,0.0,0.0,0.0,0.0,0.0,0.0,0.0,2.0,1.95583,1.02258,1.0,1.0,1.0,1.0,1.0,ADMIN,,,,,N,,,0,0
5618,18,1,41569782,1314035247,1314035247,1314063172,Z,0000000076,Склад,,0.0,0.0,0.0,0.0,0.0,0.0,0.0,0.0,2.0,1.95583,1.02258,1.0,1.0,1.0,1.0,1.0,ADMIN,,,,,N,,,0,0
5618,19,1,40312398,1315333698,1315333698,1316142743,Z,0000000077,Склад,,0.0,0.0,0.0,0.0,0.0,0.0,0.0,0.0,2.0,1.95583,1.02258,1.0,1.0,1.0,1.0,1.0,ADMIN,,,,,N,,,0,0
5618,20,1,36852337,1315438557,1315438557,1316142623,Z,0000000078,Склад,,0.0,0.0,0.0,0.0,0.0,0.0,0.0,0.0,2.0,1.95583,1.02258,1.0,1.0,1.0,1.0,1.0,ADMIN,,,,,N,,,0,0
5618,21,1,37533511,1315545054,1315545054,1316142787,Z,0000000079,Склад,,0.0,0.0,0.0,0.0,0.0,0.0,0.0,0.0,2.0,1.95583,1.02258,1.0,1.0,1.0,1.0,1.0,ADMIN,,,,,N,,,0,0
5618,22,1,40780478,1316032631,1316032631,1316142882,Z,0000000080,Склад,,0.0,0.0,0.0,0.0,0.0,0.0,0.0,0.0,2.0,1.95583,1.02258,1.0,1.0,1.0,1.0,1.0,ADMIN,,,,,N,,,0,0
5618,23,1,37499944,1316141600,1316141600,1316254266,Z,0000000081,Склад,,0.0,0.0,0.0,0.0,0.0,0.0,0.0,0.0,2.0,1.95583,1.02258,1.0,1.0,1.0,1.0,1.0,ADMIN,,,,,N,,,0,0
5618,24,1,37883119,1316253644,1316253644,1316260576,Z,0000000082,Склад,,0.0,0.0,0.0,0.0,0.0,0.0,0.0,0.0,2.0,1.95583,1.02258,1.0,1.0,1.0,1.0,1.0,ADMIN,,,,,N,,,0,0
5618,25,1,43577413,1316342648,1316342648,1316346011,Z,0000000083,Склад,,0.0,0.0,0.0,0.0,0.0,0.0,0.0,0.0,2.0,1.95583,1.02258,1.0,1.0,1.0,1.0,1.0,ADMIN,,,,,N,,,0,0
5618,26,1,42282840,1316357277,1316357277,1322062955,Z,0000000084,Склад,,0.0,0.0,0.0,0.0,0.0,0.0,0.0,0.0,2.0,1.95583,1.02258,1.0,1.0,1.0,1.0,1.0,ADMIN,,,,,N,,,0,0
5618,27,1,36238823,1316432919,1316432919,1316462370,Z,0000000085,Склад,,0.0,0.0,0.0,0.0,0.0,0.0,0.0,0.0,2.0,1.95583,1.02258,1.0,1.0,1.0,1.0,1.0,ADMIN,,,,,N,,,0,0
6382,0,1,37829421,1317052389,1317052389,1317759886,Z,0000000086,Склад,,0.0,0.0,0.0,0.0,0.0,0.0,0.0,0.0,2.0,1.95583,1.02258,1.0,1.0,1.0,1.0,1.0,ADMIN,,,,,N,,,0,0
6382,1,1,49905712,1317432145,1317432145,1317759933,Z,0000000087,Склад,,0.0,0.0,0.0,0.0,0.0,0.0,0.0,0.0,2.0,1.95583,1.02258,1.0,1.0,1.0,1.0,1.0,ADMIN,,,,,N,,,0,0
6382,2,1,46291449,1317542707,1317542707,1320961566,Z,0000000088,Склад,,0.0,0.0,0.0,0.0,0.0,0.0,0.0,0.0,2.0,1.95583,1.02258,1.0,1.0,1.0,1.0,1.0,ADMIN,,,,,N,,,0,0
6382,3,1,38333754,1317734014,1317734014,1317764750,Z,0000000089,Склад,,0.0,0.0,0.0,0.0,0.0,0.0,0.0,0.0,2.0,1.95583,1.02258,1.0,1.0,1.0,1.0,1.0,ADMIN,,,,,N,,,0,0
6382,4,1,48598038,1317833179,1317833179,1317863362,Z,0000000090,Склад,,0.0,0.0,0.0,0.0,0.0,0.0,0.0,0.0,2.0,1.95583,1.02258,1.0,1.0,1.0,1.0,1.0,ADMIN,,,,,N,,,0,0
6382,5,1,43185378,1318135780,1318135780,1318240163,Z,0000000091,Склад,,0.0,0.0,0.0,0.0,0.0,0.0,0.0,0.0,2.0,1.95583,1.02258,1.0,1.0,1.0,1.0,1.0,ADMIN,,,,,N,,,0,0
6382,6,1,42613800,1318241881,1318241881,1318259069,Z,0000000092,Склад,,0.0,0.0,0.0,0.0,0.0,0.0,0.0,0.0,2.0,1.95583,1.02258,1.0,1.0,1.0,1.0,1.0,ADMIN,,,,,N,,,0,0
6382,7,1,35224292,1318335519,1318335519,1318360534,Z,0000000093,Склад,,0.0,0.0,0.0,0.0,0.0,0.0,0.0,0.0,2.0,1.95583,1.02258,1.0,1.0,1.0,1.0,1.0,ADMIN,,,,,N,,,0,0
6382,9,1,37650844,1318346350,1318346350,1318346350,I,0000000094, без превозвач,,0.0,0.0,0.0,0.0,0.0,0.0,0.0,0.0,0.84,1.0,0.84,1.0,1.0,1.0,1.0,1.0,Yordan Markov,,,,Y,N,,,,
6382,11,1,40231057,1318346353,1318346353,1318346353,I,0000000095, без превозвач,,0.0,0.0,0.0,0.0,0.0,0.0,0.0,0.0,0.84,1.0,0.84,1.0,1.0,1.0,1.0,1.0,Yordan Markov,,,,Y,N,,,,
6382,13,1,43049009,1318346356,1318346356,1318346368,I,0000000096,Склад,,0.0,0.0,0.0,0.0,0.0,0.0,0.0,0.0,0.84,1.0,0.84,1.0,1.0,1.0,1.0,1.0,Yordan Markov,,,,Y,N,,,,
6382,15,1,35763843,1318348547,1318348547,1318348547,I,0000000097, без превозвач,,0.0,0.0,0.0,0.0,0.0,0.0,0.0,0.0,0.84,1.0,0.84,1.0,1.0,1.0,1.0,1.0,Yordan Markov,,,,Y,N,,,,
6382,17,1,46804688,1318433239,1318433239,1319032874,I,0000000099,Склад,,0.0,0.0,0.0,0.0,0.0,0.0,0.0,0.0,0.84,1.0,0.84,1.0,1.0,1.0,1.0,1.0,Yordan Markov,,,Радослав,,N,,,,
6382,19,1,47819542,1318436637,1318436637,1318436966,I,0000000100,Склад,,0.0,0.0,0.0,0.0,0.0,0.0,0.0,0.0,0.84,1.0,0.84,1.0,1.0,1.0,1.0,1.0,Yordan Markov,,,Тино,,N,,,,
6382,21,1,50175434,1318449003,1318449003,1318456187,Z,0000000103,Склад,,0.0,0.0,0.0,0.0,0.0,0.0,0.0,0.0,0.84,1.0,0.84,1.0,1.0,1.0,1.0,1.0,Yordan Markov,,,,,N,,,0,0
6382,22,1,37006463,1318450478,1318450478,1318533196,Z,0000000104,Склад,,0.0,0.0,0.0,0.0,0.0,0.0,0.0,0.0,0.84,1.0,0.84,1.0,1.0,1.0,1.0,1.0,Yordan Markov,,,Георги,,N,,,0,0
6382,23,1,44862267,1318437994,1318437994,1318437994,I,0000000102, без превозвач,,0.0,0.0,0.0,0.0,0.0,0.0,0.0,0.0,0.84,1.0,0.84,1.0,1.0,1.0,1.0,1.0,Yordan Markov,,,,Y,N,,,,
6382,25,1,41890325,1318460551,1318460551,1322754736,I,0000000105,Склад,,0.0,0.0,0.0,0.0,0.0,0.0,0.0,0.0,0.84,1.0,0.84,1.0,1.0,1.0,1.0,1.0,Yordan Markov,,,,,N,,,,
6382,27,1,47119218,1318541421,1318541421,1318862243,Z,0000000109,Склад,,0.0,0.0,0.0,0.0,0.0,0.0,0.0,0.0,0.84,1.0,0.84,1.0,1.0,1.0,1.0,1.0,Yordan Markov,,,,,N,,,0,0
6382,28,1,37753273,1318533368,1318533368,1318533372,I,0000000108,Склад,,0.0,0.0,0.0,0.0,0.0,0.0,0.0,0.0,0.84,1.0,0.84,1.0,1.0,1.0,1.0,1.0,Yordan Markov,,,,Y,N,,,,
6382,29,1,46816866,1318460663,1318460663,1318460663,I,0000000107, без превозвач,,0.0,0.0,0.0,0.0,0.0,0.0,0.0,0.0,0.84,1.0,0.84,1.0,1.0,1.0,1.0,1.0,Yordan Markov,,,,Y,N,,,,
6382,31,1,40796851,1318855418,1318855418,1318864861,Z,0000000110,Склад,,0.0,0.0,0.0,0.0,0.0,0.0,0.0,0.0,0.84,1.0,0.84,1.0,1.0,1.0,1.0,1.0,Yordan Markov,,,,,N,,,0,0
6382,32,1,39775059,1318940813,1318940813,1319135085,Z,0000000111,Склад,,0.0,0.0,0.0,0.0,0.0,0.0,0.0,0.0,0.84,1.0,0.84,1.0,1.0,1.0,1.0,1.0,Yordan Markov,,,Георги,,N,,,0,0
6382,33,1,37772410,1318951854,1318951854,1318956788,Z,0000000112,Склад,,0.0,0.0,0.0,0.0,0.0,0.0,0.0,0.0,0.84,1.0,0.84,1.0,1.0,1.0,1.0,1.0,Yordan Markov,,,Николай,,N,,,0,0
7098,1,1,37338288,1319034377,1319034377,1319041729,I,0000000113,Склад,,0.0,0.0,0.0,0.0,0.0,0.0,0.0,0.0,0.84,1.0,0.84,1.0,1.0,1.0,1.0,1.0,Yordan Markov,,,Николай,,N,,,,
7098,2,1,35258188,1319037729,1319037729,1319145558,Z,0000000114,Склад,,0.0,0.0,0.0,0.0,0.0,0.0,0.0,0.0,0.84,1.0,0.84,1.0,1.0,1.0,1.0,1.0,Yordan Markov,,,,,N,,,0,0
7098,4,1,43981141,1319045656,1319045656,1319045792,Z,0000000115,Склад,,0.0,0.0,0.0,0.0,0.0,0.0,0.0,0.0,0.84,1.0,0.84,1.0,1.0,1.0,1.0,1.0,Yordan Markov,,,Тино,,N,,,0,0
7098,5,1,37250065,1319156559,1319156559,1319235586,Z,0000000116,Склад,,0.0,0.0,0.0,0.0,0.0,0.0,0.0,0.0,0.84,1.0,0.84,1.0,1.0,1.0,1.0,1.0,Yordan Markov,,,,,N,,,0,0
7098,6,1,39414364,1319236941,1319236941,1319254778,Z,0000000117,Склад,,0.0,0.0,0.0,0.0,0.0,0.0,0.0,0.0,0.84,1.0,0.84,1.0,1.0,1.0,1.0,1.0,Yordan Markov,,,,,N,,,0,0
7098,7,1,44081721,1319535470,1319535470,1319639249,Z,0000000118,Склад,,0.0,0.0,0.0,0.0,0.0,0.0,0.0,0.0,0.84,1.0,0.84,1.0,1.0,1.0,1.0,1.0,Yordan Markov,,,,,N,,,0,0
7098,8,1,39612064,1319639308,1319639308,1319639469,Z,0000000119,Склад,,0.0,0.0,0.0,0.0,0.0,0.0,0.0,0.0,0.84,1.0,0.84,1.0,1.0,1.0,1.0,1.0,Yordan Markov,,,Ники,,N,,,0,0
7098,9,1,37246429,1319639482,1319639482,1319757221,Z,0000000120,Склад,,0.0,0.0,0.0,0.0,0.0,0.0,0.0,0.0,0.84,1.0,0.84,1.0,1.0,1.0,1.0,1.0,Yordan Markov,,,,,N,,,0,0
7098,10,1,41068442,1319734834,1319734834,1319734888,Z,0000000121,Склад,,0.0,0.0,0.0,0.0,0.0,0.0,0.0,0.0,0.84,1.0,0.84,1.0,1.0,1.0,1.0,1.0,Yordan Markov,,,Ники,,N,,,0,0
7098,11,1,44977481,1319754432,1319754432,1319860612,Z,0000000122,Склад,,0.0,0.0,0.0,0.0,0.0,0.0,0.0,0.0,0.84,1.0,0.84,1.0,1.0,1.0,1.0,1.0,Yordan Markov,,,,,N,,,0,0
7098,12,1,45856874,1319860986,1319860986,1319944710,Z,0000000123,Склад,,0.0,0.0,0.0,0.0,0.0,0.0,0.0,0.0,0.84,1.0,0.84,1.0,1.0,1.0,1.0,1.0,Yordan Markov,,,,,N,,,0,0
7098,13,1,34554172,1319944718,1319944718,1319958205,Z,0000000124,Склад,,0.0,0.0,0.0,0.0,0.0,0.0,0.0,0.0,0.84,1.0,0.84,1.0,1.0,1.0,1.0,1.0,Yordan Markov,,,,,N,,,0,0
7098,14,1,39519064,1319952309,1319952309,1319952349,Z,0000000125,Склад,,0.0,0.0,0.0,0.0,0.0,0.0,0.0,0.0,0.84,1.0,0.84,1.0,1.0,1.0,1.0,1.0,Yordan Markov,,,Тино,,N,,,0,0
7098,15,1,44115062,1320233448,1320233448,1320233604,Z,0000000126,Склад,,0.0,0.0,0.0,0.0,0.0,0.0,0.0,0.0,0.84,1.0,0.84,1.0,1.0,1.0,1.0,1.0,Yordan Markov,,,Георги,,N,,,0,0
7098,16,1,41037134,1320236386,1320236386,1320240169,Z,0000000127,Склад,,0.0,0.0,0.0,0.0,0.0,0.0,0.0,0.0,0.84,1.0,0.84,1.0,1.0,1.0,1.0,1.0,Yordan Markov,,,,,N,,,0,0
7098,17,1,49830624,1320337932,1320337932,1320359415,Z,0000000128,Склад,,0.0,0.0,0.0,0.0,0.0,0.0,0.0,0.0,0.84,1.0,0.84,1.0,1.0,1.0,1.0,1.0,Yordan Markov,,,Тино,,N,,,0,0
7098,18,1,49679257,1320435499,1320435499,1320436819,Z,0000000129,Склад,,0.0,0.0,0.0,0.0,0.0,0.0,0.0,0.0,0.84,1.0,0.84,1.0,1.0,1.0,1.0,1.0,Yordan Markov,,,Тино и Ники,,N,,,0,0
7098,19,1,37689805,1320446616,1320446616,1320447000,Z,0000000130,Склад,,0.0,0.0,0.0,0.0,0.0,0.0,0.0,0.0,0.84,1.0,0.84,1.0,1.0,1.0,1.0,1.0,Yordan Markov,,,Ботьо,,N,,,0,0
7098,20,1,36814518,1320458861,1320458861,1320458917,Z,0000000131,Склад,,0.0,0.0,0.0,0.0,0.0,0.0,0.0,0.0,0.84,1.0,0.84,1.0,1.0,1.0,1.0,1.0,Yordan Markov,,,,,N,,,0,0
7098,21,1,44752671,1320932897,1320932897,1321135734,Z,0000000132,Склад,,0.0,0.0,0.0,0.0,0.0,0.0,0.0,0.0,0.84,1.0,0.84,1.0,1.0,1.0,1.0,1.0,Yordan Markov,,,,,N,,,0,0
7098,22,1,33832202,1320933420,1320933420,1320935840,Z,0000000133,Склад,,0.0,0.0,0.0,0.0,0.0,0.0,0.0,0.0,0.84,1.0,0.84,1.0,1.0,1.0,1.0,1.0,Yordan Markov,,,Боби,,N,,,0,0
7098,23,1,34346924,1321144776,1321144776,1321157620,Z,0000000134,Склад,,0.0,0.0,0.0,0.0,0.0,0.0,0.0,0.0,0.84,1.0,0.84,1.0,1.0,1.0,1.0,1.0,Yordan Markov,,,,,N,,,0,0
7098,24,1,46296526,1321235471,1321235471,1321253840,Z,0000000135,Склад,,0.0,0.0,0.0,0.0,0.0,0.0,0.0,0.0,0.84,1.0,0.84,1.0,1.0,1.0,1.0,1.0,Yordan Markov,,,,,N,,,0,0
7098,25,1,45792090,1321332521,1321332521,1321363174,Z,0000000136,Склад,,0.0,0.0,0.0,0.0,0.0,0.0,0.0,0.0,0.84,1.0,0.84,1.0,1.0,1.0,1.0,1.0,Yordan Markov,,,,,N,,,0,0
7098,26,1,38561470,1321637382,1321637382,1322041394,Z,0000000137,Склад,,0.0,0.0,0.0,0.0,0.0,0.0,0.0,0.0,0.84,1.0,0.84,1.0,1.0,1.0,1.0,1.0,Yordan Markov,,,,,N,,,0,0
7705,0,1,43788960,1321732723,1321732723,1321763434,Z,0000000138,Склад,,0.0,0.0,0.0,0.0,0.0,0.0,0.0,0.0,0.84,1.0,0.84,1.0,1.0,1.0,1.0,1.0,Yordan Markov,,,,,N,,,0,0
7705,1,1,46379570,1321837372,1321837372,1321863581,Z,0000000139,Склад,,0.0,0.0,0.0,0.0,0.0,0.0,0.0,0.0,0.84,1.0,0.84,1.0,1.0,1.0,1.0,1.0,Yordan Markov,,,,,N,,,0,0
7705,2,1,48614617,1321932363,1321932363,1321932437,Z,0000000140,Склад,,0.0,0.0,0.0,0.0,0.0,0.0,0.0,0.0,0.84,1.0,0.84,1.0,1.0,1.0,1.0,1.0,Yordan Markov,,,Тео,,N,,,0,0
7705,3,1,43291218,1321933869,1321933869,1321934224,Z,0000000141,Склад,,0.0,0.0,0.0,0.0,0.0,0.0,0.0,0.0,0.84,1.0,0.84,1.0,1.0,1.0,1.0,1.0,Yordan Markov,,,Ники,,N,,,0,0
7705,4,1,43702109,1321956212,1321956212,1328835440,Z,0000000142,Склад,,0.0,0.0,0.0,0.0,0.0,0.0,0.0,0.0,0.84,1.0,0.84,1.0,1.0,1.0,1.0,1.0,Yordan Markov,,,,,N,,,0,0
7705,5,1,39387535,1322033466,1322033466,1322034056,Z,0000000143,Склад,,0.0,0.0,0.0,0.0,0.0,0.0,0.0,0.0,0.84,1.0,0.84,1.0,1.0,1.0,1.0,1.0,Yordan Markov,,,Станислав,,N,,,0,0
7705,6,1,49381680,1322038054,1322038054,1322064359,Z,0000000144,Склад,,0.0,0.0,0.0,0.0,0.0,0.0,0.0,0.0,0.84,1.0,0.84,1.0,1.0,1.0,1.0,1.0,Yordan Markov,,,,,N,,,0,0
7705,7,1,34516120,1322040723,1322040723,1322041292,Z,0000000145,Склад,,0.0,0.0,0.0,0.0,0.0,0.0,0.0,0.0,0.84,1.0,0.84,1.0,1.0,1.0,1.0,1.0,Yordan Markov,,,Ники,,N,,,0,0
7705,8,1,48788007,1322051396,1322051396,1322051456,Z,0000000146,Склад,,0.0,0.0,0.0,0.0,0.0,0.0,0.0,0.0,0.84,1.0,0.84,1.0,1.0,1.0,1.0,1.0,Yordan Markov,,,Марио,,N,,,0,0
7705,9,1,42361618,1322064173,1322064173,1322064263,Z,0000000147,Склад,,0.0,0.0,0.0,0.0,0.0,0.0,0.0,0.0,0.84,1.0,0.84,1.0,1.0,1.0,1.0,1.0,Yordan Markov,,,Радо,,N,,,0,0
7705,10,1,43634906,1322334126,1322334126,1322555269,Z,0000000148,Склад,,0.0,0.0,0.0,0.0,0.0,0.0,0.0,0.0,0.84,1.0,0.84,1.0,1.0,1.0,1.0,1.0,Yordan Markov,,,,,N,,,0,0
7705,11,1,40263701,1322344594,1322344594,1322344673,Z,0000000149,Склад,,0.0,0.0,0.0,0.0,0.0,0.0,0.0,0.0,0.84,1.0,0.84,1.0,1.0,1.0,1.0,1.0,Yordan Markov,,,Ники,,N,,,0,0
7705,12,1,35373443,1322354295,1322354295,1322358097,Z,0000000150,Склад,,0.0,0.0,0.0,0.0,0.0,0.0,0.0,0.0,0.84,1.0,0.84,1.0,1.0,1.0,1.0,1.0,Yordan Markov,,,Тео,,N,,,0,0
7705,13,1,45966325,1322357884,1322357884,1322443554,Z,0000000151,Склад,,0.0,0.0,0.0,0.0,0.0,0.0,0.0,0.0,0.84,1.0,0.84,1.0,1.0,1.0,1.0,1.0,Yordan Markov,,,Ачо,,N,,,0,0
7705,14,1,41618603,1322363214,1322363214,1322363270,Z,0000000152,Склад,,0.0,0.0,0.0,0.0,0.0,0.0,0.0,0.0,0.84,1.0,0.84,1.0,1.0,1.0,1.0,1.0,Yordan Markov,,,Станислав,,N,,,0,0
7705,15,1,39427044,1322434618,1322434618,1322463670,Z,0000000153,Склад,,0.0,0.0,0.0,0.0,0.0,0.0,0.0,0.0,0.84,1.0,0.84,1.0,1.0,1.0,1.0,1.0,Yordan Markov,,,Тино,,N,,,0,0
7705,16,1,35165708,1322438508,1322438508,1322438535,Z,0000000154,Склад,,0.0,0.0,0.0,0.0,0.0,0.0,0.0,0.0,0.84,1.0,0.84,1.0,1.0,1.0,1.0,1.0,Yordan Markov,,,Станислав,,N,,,0,0
7705,17,1,43973372,1322438817,1322438817,1322443585,Z,0000000155,Склад,,0.0,0.0,0.0,0.0,0.0,0.0,0.0,0.0,0.84,1.0,0.84,1.0,1.0,1.0,1.0,1.0,Yordan Markov,,,Тео,,N,,,0,0
7705,18,1,45457310,1322441610,1322441610,1322533638,Z,0000000156,Склад,,0.0,0.0,0.0,0.0,0.0,0.0,0.0,0.0,0.84,1.0,0.84,1.0,1.0,1.0,1.0,1.0,Yordan Markov,,,Тео,,N,,,0,0
7705,19,1,39614927,1322534443,1322534443,1322563084,Z,0000000157,Склад,,0.0,0.0,0.0,0.0,0.0,0.0,0.0,0.0,0.84,1.0,0.84,1.0,1.0,1.0,1.0,1.0,Yordan Markov,,,Ачо,,N,,,0,0
7705,20,1,42743849,1322544717,1322544717,1322553824,Z,0000000158,Склад,,0.0,0.0,0.0,0.0,0.0,0.0,0.0,0.0,0.84,1.0,0.84,1.0,1.0,1.0,1.0,1.0,Yordan Markov,,,Станислав,,N,,,0,0
7705,21,1,49229127,1322554793,1322554793,1322554851,Z,0000000159,Склад,,0.0,0.0,0.0,0.0,0.0,0.0,0.0,0.0,0.84,1.0,0.84,1.0,1.0,1.0,1.0,1.0,Yordan Markov,,,Тео,,N,,,0,0
7705,22,1,34737392,1322556486,1322556486,1322556510,Z,0000000160,Склад,,0.0,0.0,0.0,0.0,0.0,0.0,0.0,0.0,0.84,1.0,0.84,1.0,1.0,1.0,1.0,1.0,Yordan Markov,,,Тино,,N,,,0,0
7705,23,1,39995343,1322635799,1322635799,1323057146,Z,0000000161,Склад,,0.0,0.0,0.0,0.0,0.0,0.0,0.0,0.0,0.84,1.0,0.84,1.0,1.0,1.0,1.0,1.0,Yordan Markov,,,Ники,,N,,,0,0
7705,24,1,44632193,1322636757,1322636757,1322654969,Z,0000000162,Склад,,0.0,0.0,0.0,0.0,0.0,0.0,0.0,0.0,0.84,1.0,0.84,1.0,1.0,1.0,1.0,1.0,Yordan Markov,,,Ачо,,N,,,0,0
5497,0,1,45578863,1322639288,1322639288,1322650447,Z,0000000163,Склад,,0.0,0.0,0.0,0.0,0.0,0.0,0.0,0.0,0.84,1.0,0.84,1.0,1.0,1.0,1.0,1.0,Yordan Markov,,,Теодор,,N,,,0,0
5497,1,1,44635923,1322652851,1322652851,1322652950,Z,0000000164,Склад,,0.0,0.0,0.0,0.0,0.0,0.0,0.0,0.0,0.84,1.0,0.84,1.0,1.0,1.0,1.0,1.0,Yordan Markov,,,Марио И,,N,,,0,0
5497,2,1,41835045,1322655312,1322655312,1322657484,Z,0000000165,Склад,,0.0,0.0,0.0,0.0,0.0,0.0,0.0,0.0,0.84,1.0,0.84,1.0,1.0,1.0,1.0,1.0,Yordan Markov,,,,,N,,,0,0
5497,3,1,37649830,1322659794,1322659794,1322659845,Z,0000000166,Склад,,0.0,0.0,0.0,0.0,0.0,0.0,0.0,0.0,0.84,1.0,0.84,1.0,1.0,1.0,1.0,1.0,Yordan Markov,,,Жоро,,N,,,0,0
5497,4,1,46181085,1322738267,1322738267,1322739319,Z,0000000167,Склад,,0.0,0.0,0.0,0.0,0.0,0.0,0.0,0.0,0.84,1.0,0.84,1.0,1.0,1.0,1.0,1.0,Yordan Markov,,,,,N,,,0,0
5497,5,1,47433771,1322755683,1322755683,1322755980,Z,0000000168,Склад,,0.0,0.0,0.0,0.0,0.0,0.0,0.0,0.0,0.84,1.0,0.84,1.0,1.0,1.0,1.0,1.0,Yordan Markov,,,Вътрешно прехвърляне между складове.,,N,,,0,0
5497,6,1,40292150,1322755990,1322755990,1322756114,Z,0000000169,Склад,,0.0,0.0,0.0,0.0,0.0,0.0,0.0,0.0,0.84,1.0,0.84,1.0,1.0,1.0,1.0,1.0,Yordan Markov,,,Ангел,,N,,,0,0
5497,7,1,36562969,1322758523,1322758523,1323154656,Z,0000000170,Склад,,0.0,0.0,0.0,0.0,0.0,0.0,0.0,0.0,0.84,1.0,0.84,1.0,1.0,1.0,1.0,1.0,Yordan Markov,,,Тино,,N,,,0,0
5497,8,1,48733861,1322761751,1322761751,1323154594,Z,0000000171,Склад,,0.0,0.0,0.0,0.0,0.0,0.0,0.0,0.0,0.84,1.0,0.84,1.0,1.0,1.0,1.0,1.0,Yordan Markov,,,Тео,,N,,,0,0
5497,9,1,38828980,1323036883,1323036883,1323036931,Z,0000000172,Склад,,0.0,0.0,0.0,0.0,0.0,0.0,0.0,0.0,0.84,1.0,0.84,1.0,1.0,1.0,1.0,1.0,Yordan Markov,,,Тино,,N,,,0,0
5497,10,1,43288613,1323036933,1323036933,1323064689,Z,0000000173,Склад,,0.0,0.0,0.0,0.0,0.0,0.0,0.0,0.0,0.84,1.0,0.84,1.0,1.0,1.0,1.0,1.0,Yordan Markov,,,Нико,,N,,,0,0
5497,11,1,40768932,1323039853,1323039853,1323152798,Z,0000000174,Склад,,0.0,0.0,0.0,0.0,0.0,0.0,0.0,0.0,0.84,1.0,0.84,1.0,1.0,1.0,1.0,1.0,Yordan Markov,,,,,N,,,0,0
5497,12,1,33580969,1323143822,1323143822,1323145016,Z,0000000175,Склад,,0.0,0.0,0.0,0.0,0.0,0.0,0.0,0.0,0.84,1.0,0.84,1.0,1.0,1.0,1.0,1.0,Yordan Markov,,,Ясен,,N,,,0,0
5497,13,1,47127739,1323154698,1323154698,1323154792,Z,0000000176,Склад,,0.0,0.0,0.0,0.0,0.0,0.0,0.0,0.0,0.84,1.0,0.84,1.0,1.0,1.0,1.0,1.0,Yordan Markov,,,Тино,,N,,,0,0
5497,14,1,38198636,1323154960,1323154960,1323233339,Z,0000000177,Склад,,0.0,0.0,0.0,0.0,0.0,0.0,0.0,0.0,0.84,1.0,0.84,1.0,1.0,1.0,1.0,1.0,Yordan Markov,,,Нико,,N,,,0,0
5497,15,1,45952459,1323155214,1323155214,1323242216,Z,0000000178,Склад,,0.0,0.0,0.0,0.0,0.0,0.0,0.0,0.0,0.84,1.0,0.84,1.0,1.0,1.0,1.0,1.0,Yordan Markov,,,Тео,,N,,,0,0
5497,16,1,37416601,1323251428,1323251428,1323251491,Z,0000000179,Склад,,0.0,0.0,0.0,0.0,0.0,0.0,0.0,0.0,0.84,1.0,0.84,1.0,1.0,1.0,1.0,1.0,Yordan Markov,,,Тино,,N,,,0,0
5497,17,1,35373076,1323259056,1323259056,1323259127,Z,0000000180,Склад,,0.0,0.0,0.0,0.0,0.0,0.0,0.0,0.0,0.84,1.0,0.84,1.0,1.0,1.0,1.0,1.0,Yordan Markov,,,Жоро заварчика,,N,,,0,0
5497,18,1,43601467,1323264138,1323264138,1323264187,Z,0000000181,Склад,,0.0,0.0,0.0,0.0,0.0,0.0,0.0,0.0,0.84,1.0,0.84,1.0,1.0,1.0,1.0,1.0,Yordan Markov,,,Жоро ел.,,N,,,0,0
5497,19,1,42685948,1323264487,1323264487,1323264579,Z,0000000182,Склад,,0.0,0.0,0.0,0.0,0.0,0.0,0.0,0.0,0.84,1.0,0.84,1.0,1.0,1.0,1.0,1.0,Yordan Markov,,,Теодор,,N,,,0,0
5497,20,1,45224332,1323264598,1323264598,1323264657,Z,0000000183,Склад,,0.0,0.0,0.0,0.0,0.0,0.0,0.0,0.0,0.84,1.0,0.84,1.0,1.0,1.0,1.0,1.0,Yordan Markov,,,Станислав,,N,,,0,0
5497,21,1,42293101,1323264669,1323264669,1323264894,Z,0000000184,Склад,,0.0,0.0,0.0,0.0,0.0,0.0,0.0,0.0,0.84,1.0,0.84,1.0,1.0,1.0,1.0,1.0,Yordan Markov,,,Радо,,N,,,0,0
5497,22,1,34148178,1323265490,1323265490,1323265548,Z,0000000185,Склад,,0.0,0.0,0.0,0.0,0.0,0.0,0.0,0.0,0.84,1.0,0.84,1.0,1.0,1.0,1.0,1.0,Yordan Markov,,,Ясен,,N,,,0,0
5497,23,1,45419704,1323364050,1323364050,1323364085,Z,0000000186,Склад,,0.0,0.0,0.0,0.0,0.0,0.0,0.0,0.0,0.84,1.0,0.84,1.0,1.0,1.0,1.0,1.0,ADMIN,,,Радо,,N,,,0,0
5497,24,1,34988405,1323364092,1323364092,1323364227,Z,0000000187,Склад,,0.0,0.0,0.0,0.0,0.0,0.0,0.0,0.0,0.84,1.0,0.84,1.0,1.0,1.0,1.0,1.0,ADMIN,,,Тео,,N,,,0,0
8019,0,1,39413278,1323364234,1323364234,1323364264,Z,0000000188,Склад,,0.0,0.0,0.0,0.0,0.0,0.0,0.0,0.0,0.84,1.0,0.84,1.0,1.0,1.0,1.0,1.0,ADMIN,,,Станислав,,N,,,0,0
8019,1,1,35824212,1323364270,1323364270,1323364441,Z,0000000189,Склад,,0.0,0.0,0.0,0.0,0.0,0.0,0.0,0.0,0.84,1.0,0.84,1.0,1.0,1.0,1.0,1.0,ADMIN,,,Ангел,,N,,,0,0
8019,2,1,48703126,1323364500,1323364500,1323364649,Z,0000000190,Склад,,0.0,0.0,0.0,0.0,0.0,0.0,0.0,0.0,0.84,1.0,0.84,1.0,1.0,1.0,1.0,1.0,ADMIN,,,Ясен,,N,,,0,0
8019,3,1,38725324,1323367002,1323367002,1323367031,Z,0000000191,Склад,,0.0,0.0,0.0,0.0,0.0,0.0,0.0,0.0,0.84,1.0,0.84,1.0,1.0,1.0,1.0,1.0,ADMIN,,,Владо,,N,,,0,0
8019,4,1,39828698,1323435417,1323435417,1323435475,Z,0000000192,Склад,,0.0,0.0,0.0,0.0,0.0,0.0,0.0,0.0,0.84,1.0,0.84,1.0,1.0,1.0,1.0,1.0,ADMIN,,,Тео,,N,,,0,0
8019,5,1,43031951,1323452958,1323452958,1323453011,Z,0000000193,Склад,,0.0,0.0,0.0,0.0,0.0,0.0,0.0,0.0,0.84,1.0,0.84,1.0,1.0,1.0,1.0,1.0,ADMIN,,,Ясен,,N,,,0,0
8019,6,1,33920008,1323466791,1323466791,1323467197,Z,0000000194,Склад,,0.0,0.0,0.0,0.0,0.0,0.0,0.0,0.0,0.84,1.0,0.84,1.0,1.0,1.0,1.0,1.0,ADMIN,,,Тео,,N,,,0,0
8019,7,1,33895953,1323467208,1323467208,1323467372,Z,0000000195,Склад,,0.0,0.0,0.0,0.0,0.0,0.0,0.0,0.0,0.84,1.0,0.84,1.0,1.0,1.0,1.0,1.0,ADMIN,,,Нико,,N,,,0,0
8019,8,1,45478546,1323467385,1323467385,1323468639,Z,0000000196,Склад,,0.0,0.0,0.0,0.0,0.0,0.0,0.0,0.0,0.84,1.0,0.84,1.0,1.0,1.0,1.0,1.0,ADMIN,,,Ясен,,N,,,0,0
8019,9,1,39522549,1323450093,1323450093,1323750157,Z,0000000197,Склад,,0.0,0.0,0.0,0.0,0.0,0.0,0.0,0.0,0.84,1.0,0.84,1.0,1.0,1.0,1.0,1.0,Yordan Markov,,,Ясен,,N,,,0,0
8019,10,1,41563663,1323840553,1323840553,1323840666,Z,0000000198,Склад,,0.0,0.0,0.0,0.0,0.0,0.0,0.0,0.0,0.84,1.0,0.84,1.0,1.0,1.0,1.0,1.0,Yordan Markov,,,Върнати са обратно в склад,,N,,,0,0
8019,11,1,44722917,1323932947,1323932947,1324044907,Z,0000000199,Склад,,0.0,0.0,0.0,0.0,0.0,0.0,0.0,0.0,0.84,1.0,0.84,1.0,1.0,1.0,1.0,1.0,Yordan Markov,,,,,N,,,0,0
8019,12,1,42733147,1323953565,1323953565,1323953628,Z,0000000200,Склад,,0.0,0.0,0.0,0.0,0.0,0.0,0.0,0.0,0.84,1.0,0.84,1.0,1.0,1.0,1.0,1.0,Yordan Markov,,,Тино,,N,,,0,0
8019,13,1,37789356,1324639162,1324639162,1325233658,Z,0000000201,Склад,,0.0,0.0,0.0,0.0,0.0,0.0,0.0,0.0,0.84,1.0,0.84,1.0,1.0,1.0,1.0,1.0,Yordan Markov,,,,,N,,,0,0
8019,14,1,37353074,1324734135,1324734135,1325235522,Z,0000000202,Склад,,0.0,0.0,0.0,0.0,0.0,0.0,0.0,0.0,0.84,1.0,0.84,1.0,1.0,1.0,1.0,1.0,ADMIN,,,,,N,,,0,0
8019,15,1,39587597,1324640825,1326534413,1326534415,Z,0000000203,Склад,,0.0,0.0,0.0,0.0,0.0,0.0,0.0,0.0,0.84,1.0,0.84,1.0,1.0,1.0,1.0,1.0,ADMIN,ADMIN,,,,Y,,,0,0
8019,16,1,36215302,1325258499,1325258499,1325260685,Z,0000000204,Склад,,0.0,0.0,0.0,0.0,0.0,0.0,0.0,0.0,0.84,1.0,0.84,1.0,1.0,1.0,1.0,1.0,ADMIN,,,,,N,,,0,0
8019,17,1,33818093,1325260787,1326534400,1326534402,Z,0000000205,Склад,,0.0,0.0,0.0,0.0,0.0,0.0,0.0,0.0,0.84,1.0,0.84,1.0,1.0,1.0,1.0,1.0,ADMIN,ADMIN,,,,Y,,,0,0
8019,18,1,47570544,1325435161,1325435161,1325435232,Z,0000000206,Склад,,0.0,0.0,0.0,0.0,0.0,0.0,0.0,0.0,0.84,1.0,0.84,1.0,1.0,1.0,1.0,1.0,ADMIN,,,,,N,,,0,0
8019,19,1,42049202,1325436203,1326534351,1326534353,Z,0000000207,Склад,,0.0,0.0,0.0,0.0,0.0,0.0,0.0,0.0,0.84,1.0,0.84,1.0,1.0,1.0,1.0,1.0,ADMIN,ADMIN,,,,Y,,,0,0
8019,20,1,35729266,1325441438,1326532283,1326532300,Z,0000000208,Склад,,0.0,0.0,0.0,0.0,0.0,0.0,0.0,0.0,0.84,1.0,0.84,1.0,1.0,1.0,1.0,1.0,ADMIN,ADMIN,,,,Y,,,0,0
8019,21,1,42448342,1325451852,1326532262,1326532269,Z,0000000209,Склад,,0.0,0.0,0.0,0.0,0.0,0.0,0.0,0.0,0.84,1.0,0.84,1.0,1.0,1.0,1.0,1.0,ADMIN,ADMIN,,,,Y,,,0,0
8019,22,1,41711187,1325452158,1325552956,1325552978,Z,0000000210,Склад,,0.0,0.0,0.0,0.0,0.0,0.0,0.0,0.0,0.84,1.0,0.84,1.0,1.0,1.0,1.0,1.0,ADMIN,ADMIN,,,,Y,,,0,0
8019,23,1,45439730,1325453318,1325552942,1325552945,Z,0000000211,Склад,,0.0,0.0,0.0,0.0,0.0,0.0,0.0,0.0,0.84,1.0,0.84,1.0,1.0,1.0,1.0,1.0,ADMIN,ADMIN,,,,Y,,,0,0
8019,24,1,45065910,1325353436,1326534376,1326534379,Z,0000000212,Склад,,0.0,0.0,0.0,0.0,0.0,0.0,0.0,0.0,0.84,1.0,0.84,1.0,1.0,1.0,1.0,1.0,ADMIN,ADMIN,,,,Y,,,0,0
8019,25,1,34563282,1325465717,1325465717,1325465755,Z,0000000213,Склад,,0.0,0.0,0.0,0.0,0.0,0.0,0.0,0.0,0.84,1.0,0.84,1.0,1.0,1.0,1.0,1.0,ADMIN,,,,,N,,,0,0
8019,26,1,41484674,1325550231,1325550231,1325550389,Z,0000000214,Склад,,0.0,0.0,0.0,0.0,0.0,0.0,0.0,0.0,0.84,1.0,0.84,1.0,1.0,1.0,1.0,1.0,ADMIN,,,,,N,,,0,0
8611,0,1,38598089,1325550398,1325552929,1325552933,Z,0000000215,Склад,,0.0,0.0,0.0,0.0,0.0,0.0,0.0,0.0,0.84,1.0,0.84,1.0,1.0,1.0,1.0,1.0,ADMIN,ADMIN,,,,Y,,,0,0
8611,1,1,33715895,1328135688,1328135911,1328135913,Z,0000000229, без превозвач,,0.0,0.0,0.0,0.0,0.0,0.0,0.0,0.0,0.84,1.0,0.84,1.0,1.0,1.0,1.0,1.0,ADMIN,ADMIN,,,,Y,,,0,0
8611,2,1,48895620,1328135930,1328136177,1328136180,Z,0000000230, без превозвач,,0.0,0.0,0.0,0.0,0.0,0.0,0.0,0.0,0.84,1.0,0.84,1.0,1.0,1.0,1.0,1.0,ADMIN,ADMIN,,,,Y,,,0,0
8611,3,1,45599692,1328136625,1328137023,1328137025,Z,0000000231, без превозвач,,0.0,0.0,0.0,0.0,0.0,0.0,0.0,0.0,0.84,1.0,0.84,1.0,1.0,1.0,1.0,1.0,ADMIN,ADMIN,,,,Y,,,0,0
8611,4,1,39337287,1328138538,1328138632,1328138634,Z,0000000232, без превозвач,,0.0,0.0,0.0,0.0,0.0,0.0,0.0,0.0,0.84,1.0,0.84,1.0,1.0,1.0,1.0,1.0,ADMIN,ADMIN,,,,Y,,,0,0
8611,5,1,42380375,1328142282,1328142282,1328142310,Z,0000000233, без превозвач,,0.0,0.0,0.0,0.0,0.0,0.0,0.0,0.0,0.84,1.0,0.84,1.0,1.0,1.0,1.0,1.0,ADMIN,,,,,N,,,0,0
8611,6,1,44859087,1329634329,1329635036,1329635044,Z,0000000234, без превозвач,,0.0,0.0,0.0,0.0,0.0,0.0,0.0,0.0,0.84,1.0,0.84,1.0,1.0,1.0,1.0,1.0,ADMIN,ADMIN,,,,Y,,,0,0
8611,7,1,35941147,1329637768,1329637973,1329637975,Z,0000000235, без превозвач,,0.0,0.0,0.0,0.0,0.0,0.0,0.0,0.0,0.84,1.0,0.84,1.0,1.0,1.0,1.0,1.0,ADMIN,ADMIN,,,,Y,,,0,0
8611,9,1,44970473,1326541318,1326541778,1326541780,Z,0000000216,Склад,,0.0,0.0,0.0,0.0,0.0,0.0,0.0,0.0,0.84,1.0,0.84,1.0,1.0,1.0,1.0,1.0,ADMIN,ADMIN,,,,Y,,,0,0
8611,10,1,39540843,1329638378,1329638378,1329641017,Z,0000000236, без превозвач,,0.0,0.0,0.0,0.0,0.0,0.0,0.0,0.0,0.84,1.0,0.84,1.0,1.0,1.0,1.0,1.0,ADMIN,,,,,N,,,0,0
8611,11,1,35291170,1331543875,1331543875,1331552409,Z,0000000237,Склад,,0.0,0.0,0.0,0.0,0.0,0.0,0.0,0.0,0.84,1.0,0.84,1.0,1.0,1.0,1.0,1.0,ADMIN,,,Прехвърляне на артикули от основният склад към склада в бус Ford Transit,,N,,,0,0
8611,13,1,46108195,1331556954,1331556954,1331557856,Z,0000000238,Склад,,0.0,0.0,0.0,0.0,0.0,0.0,0.0,0.0,0.84,1.0,0.84,1.0,1.0,1.0,1.0,1.0,ADMIN,,,Ники,,N,,,0,0
8611,14,1,49346264,1331557282,1331557282,1331557333,Z,0000000239,Склад,,0.0,0.0,0.0,0.0,0.0,0.0,0.0,0.0,0.84,1.0,0.84,1.0,1.0,1.0,1.0,1.0,ADMIN,,,Прехвърляне между складовете.,,N,,,0,0
8611,15,1,45551408,1331557943,1331557943,1331558103,Z,0000000240,Склад,,0.0,0.0,0.0,0.0,0.0,0.0,0.0,0.0,0.84,1.0,0.84,1.0,1.0,1.0,1.0,1.0,ADMIN,,,Прехвърляне на артикули между складовете.,,N,,,0,0
8611,16,1,36154281,1331558270,1331558270,1331558609,Z,0000000241,Склад,,0.0,0.0,0.0,0.0,0.0,0.0,0.0,0.0,0.84,1.0,0.84,1.0,1.0,1.0,1.0,1.0,ADMIN,,,,,N,,,0,0
8611,17,1,45820063,1331559017,1331559017,1331559074,Z,0000000242,Склад,,0.0,0.0,0.0,0.0,0.0,0.0,0.0,0.0,0.84,1.0,0.84,1.0,1.0,1.0,1.0,1.0,ADMIN,,,,,N,,,0,0
8611,18,1,39085616,1331559441,1331559441,1331559508,Z,0000000243,Склад,,0.0,0.0,0.0,0.0,0.0,0.0,0.0,0.0,0.84,1.0,0.84,1.0,1.0,1.0,1.0,1.0,ADMIN,,,Ники,,N,,,0,0
8611,19,1,45175147,1331559656,1331559656,1331559760,Z,0000000244,Склад,,0.0,0.0,0.0,0.0,0.0,0.0,0.0,0.0,0.84,1.0,0.84,1.0,1.0,1.0,1.0,1.0,ADMIN,,,Георги Асенов,,N,,,0,0
8611,21,1,34251996,1326541707,1326541809,1326541813,Z,0000000217,Склад,,0.0,0.0,0.0,0.0,0.0,0.0,0.0,0.0,0.84,1.0,0.84,1.0,1.0,1.0,1.0,1.0,ADMIN,ADMIN,,,,Y,,,0,0
8611,38,1,44991571,1326557153,1326832376,1326832380,Z,0000000218,Склад,,0.0,0.0,0.0,0.0,0.0,0.0,0.0,0.0,0.84,1.0,0.84,1.0,1.0,1.0,1.0,1.0,ADMIN,ADMIN,,,,Y,,,0,0
8611,50,1,38643025,1326832593,1326832678,1326837915,Z,0000000219,Склад,,0.0,0.0,0.0,0.0,0.0,0.0,0.0,0.0,0.84,1.0,0.84,1.0,1.0,1.0,1.0,1.0,ADMIN,ADMIN,,,,Y,,,0,0
8611,62,1,37203746,1326833189,1326835474,1326835476,Z,0000000220,Склад,,0.0,0.0,0.0,0.0,0.0,0.0,0.0,0.0,0.84,1.0,0.84,1.0,1.0,1.0,1.0,1.0,ADMIN,ADMIN,,,,Y,,,0,0
8611,71,1,48493795,1326835367,1326835461,1326835463,Z,0000000221,Склад,,0.0,0.0,0.0,0.0,0.0,0.0,0.0,0.0,0.84,1.0,0.84,1.0,1.0,1.0,1.0,1.0,ADMIN,ADMIN,,,,Y,,,0,0
9525,1,1,47986904,1331559852,1331559852,1331559944,Z,0000000245,Склад,,0.0,0.0,0.0,0.0,0.0,0.0,0.0,0.0,0.84,1.0,0.84,1.0,1.0,1.0,1.0,1.0,ADMIN,,,Ники,,N,,,0,0
9525,2,1,45672915,1331560168,1331560168,1331560235,Z,0000000246,Склад,,0.0,0.0,0.0,0.0,0.0,0.0,0.0,0.0,0.84,1.0,0.84,1.0,1.0,1.0,1.0,1.0,ADMIN,,,Станислав,,N,,,0,0
9525,3,1,42615832,1331560248,1331560248,1331560372,Z,0000000247,Склад,,0.0,0.0,0.0,0.0,0.0,0.0,0.0,0.0,0.84,1.0,0.84,1.0,1.0,1.0,1.0,1.0,ADMIN,,,Нико,,N,,,0,0
9525,4,1,42659284,1331631934,1331631934,1331632212,Z,0000000248,Склад,,0.0,0.0,0.0,0.0,0.0,0.0,0.0,0.0,0.84,1.0,0.84,1.0,1.0,1.0,1.0,1.0,ADMIN,,,Георги Асенов,,N,,,0,0
9525,5,1,42115994,1331632235,1331632235,1331632314,Z,0000000249,Склад,,0.0,0.0,0.0,0.0,0.0,0.0,0.0,0.0,0.84,1.0,0.84,1.0,1.0,1.0,1.0,1.0,ADMIN,,,Теодор,,N,,,0,0
9525,6,1,39481065,1331632383,1331632383,1331632690,Z,0000000250,Склад,,0.0,0.0,0.0,0.0,0.0,0.0,0.0,0.0,0.84,1.0,0.84,1.0,1.0,1.0,1.0,1.0,ADMIN,,,Антон,,N,,,0,0
9525,7,1,39588187,1331632645,1331632645,1331632676,Z,0000000251,Склад,,0.0,0.0,0.0,0.0,0.0,0.0,0.0,0.0,0.84,1.0,0.84,1.0,1.0,1.0,1.0,1.0,ADMIN,,,Радо,,N,,,0,0
9525,8,1,36253097,1331634376,1331634376,1331634892,Z,0000000252,Склад,,0.0,0.0,0.0,0.0,0.0,0.0,0.0,0.0,0.84,1.0,0.84,1.0,1.0,1.0,1.0,1.0,ADMIN,,,Ники,,N,,,0,0
9525,9,1,35158602,1326838309,1326840168,1327535951,Z,0000000222,Склад,,0.0,0.0,0.0,0.0,0.0,0.0,0.0,0.0,0.84,1.0,0.84,1.0,1.0,1.0,1.0,1.0,ADMIN,ADMIN,,,,Y,,,0,0
9525,10,1,38954852,1331635815,1331635815,1331635900,Z,0000000253,Склад,,0.0,0.0,0.0,0.0,0.0,0.0,0.0,0.0,0.84,1.0,0.84,1.0,1.0,1.0,1.0,1.0,ADMIN,,,,,N,,,0,0
9525,11,1,36614529,1331635978,1331635978,1331636296,Z,0000000254,Склад,,0.0,0.0,0.0,0.0,0.0,0.0,0.0,0.0,0.84,1.0,0.84,1.0,1.0,1.0,1.0,1.0,ADMIN,,,,,N,,,0,0
9525,12,1,44380788,1331636330,1331636330,1331636508,Z,0000000255,Склад,,0.0,0.0,0.0,0.0,0.0,0.0,0.0,0.0,0.84,1.0,0.84,1.0,1.0,1.0,1.0,1.0,ADMIN,,,Марио,,N,,,0,0
9525,13,1,50222982,1331636569,1331636569,1331637034,Z,0000000256,Склад,,0.0,0.0,0.0,0.0,0.0,0.0,0.0,0.0,0.84,1.0,0.84,1.0,1.0,1.0,1.0,1.0,ADMIN,,,,,N,,,0,0
9525,14,1,37100090,1331637063,1331637063,1331637294,Z,0000000257,Склад,,0.0,0.0,0.0,0.0,0.0,0.0,0.0,0.0,0.84,1.0,0.84,1.0,1.0,1.0,1.0,1.0,ADMIN,,,,,N,,,0,0
9525,15,1,50319211,1331637313,1331637313,1331637492,Z,0000000258,Склад,,0.0,0.0,0.0,0.0,0.0,0.0,0.0,0.0,0.84,1.0,0.84,1.0,1.0,1.0,1.0,1.0,ADMIN,,,Ясен,,N,,,0,0
9525,16,1,46312309,1331658814,1331658814,1331658919,Z,0000000259,Склад,,0.0,0.0,0.0,0.0,0.0,0.0,0.0,0.0,0.84,1.0,0.84,1.0,1.0,1.0,1.0,1.0,ADMIN,,,,,N,,,0,0
9525,17,1,42391573,1331664138,1331664138,1331664411,Z,0000000261,Склад,,0.0,0.0,0.0,0.0,0.0,0.0,0.0,0.0,0.84,1.0,0.84,1.0,1.0,1.0,1.0,1.0,ADMIN,,,,,N,,,0,0
9525,18,1,36963223,1326838558,1326840176,1326840178,Z,0000000223,Склад,,0.0,0.0,0.0,0.0,0.0,0.0,0.0,0.0,0.84,1.0,0.84,1.0,1.0,1.0,1.0,1.0,ADMIN,ADMIN,,,,Y,,,0,0
9525,19,1,41346617,1331664437,1331664437,1331664577,Z,0000000262,Склад,,0.0,0.0,0.0,0.0,0.0,0.0,0.0,0.0,0.84,1.0,0.84,1.0,1.0,1.0,1.0,1.0,ADMIN,,,,,N,,,0,0
9525,20,1,40640084,1331664579,1331664579,1331664654,Z,0000000263,Склад,,0.0,0.0,0.0,0.0,0.0,0.0,0.0,0.0,0.84,1.0,0.84,1.0,1.0,1.0,1.0,1.0,ADMIN,,,Марио,,N,,,0,0
9525,21,1,35104211,1331664656,1331664656,1331664781,Z,0000000264,Склад,,0.0,0.0,0.0,0.0,0.0,0.0,0.0,0.0,0.84,1.0,0.84,1.0,1.0,1.0,1.0,1.0,ADMIN,,,Биби,,N,,,0,0
9525,22,1,48925367,1331664791,1331664791,1331665131,Z,0000000265,Склад,,0.0,0.0,0.0,0.0,0.0,0.0,0.0,0.0,0.84,1.0,0.84,1.0,1.0,1.0,1.0,1.0,ADMIN,,,,,N,,,0,0
9525,27,1,47647296,1326838990,1326840184,1326840197,Z,0000000224,Склад,,0.0,0.0,0.0,0.0,0.0,0.0,0.0,0.0,0.84,1.0,0.84,1.0,1.0,1.0,1.0,1.0,ADMIN,ADMIN,,,,Y,,,0,0
9525,28,1,33963790,1331659062,1331659062,1331659277,Z,0000000260,Склад,,0.0,0.0,0.0,0.0,0.0,0.0,0.0,0.0,0.84,1.0,0.84,1.0,1.0,1.0,1.0,1.0,ADMIN,,,,,N,,,0,0
9525,36,1,34116030,1326840101,1326840203,1326840205,Z,0000000225,Склад,,0.0,0.0,0.0,0.0,0.0,0.0,0.0,0.0,0.84,1.0,0.84,1.0,1.0,1.0,1.0,1.0,ADMIN,ADMIN,,,,Y,,,0,0
9525,57,1,48116181,1326840243,1326840406,1326840409,Z,0000000226,Склад,,0.0,0.0,0.0,0.0,0.0,0.0,0.0,0.0,0.84,1.0,0.84,1.0,1.0,1.0,1.0,1.0,ADMIN,ADMIN,,,,Y,,,0,0
10018,1,1,43564682,1331665142,1331665142,1331665312,Z,0000000266,Склад,,0.0,0.0,0.0,0.0,0.0,0.0,0.0,0.0,0.84,1.0,0.84,1.0,1.0,1.0,1.0,1.0,ADMIN,,,,,N,,,0,0
10018,2,1,38225523,1331665622,1331665622,1331665703,Z,0000000267,Склад,,0.0,0.0,0.0,0.0,0.0,0.0,0.0,0.0,0.84,1.0,0.84,1.0,1.0,1.0,1.0,1.0,ADMIN,,,,,N,,,0,0
10018,3,1,34950369,1331666490,1331666490,1331666867,Z,0000000268,Склад,,0.0,0.0,0.0,0.0,0.0,0.0,0.0,0.0,0.84,1.0,0.84,1.0,1.0,1.0,1.0,1.0,ADMIN,,,Г. Асенов,,N,,,0,0
10018,4,1,49626596,1331666886,1331666886,1331666977,Z,0000000269,Склад,,0.0,0.0,0.0,0.0,0.0,0.0,0.0,0.0,0.84,1.0,0.84,1.0,1.0,1.0,1.0,1.0,ADMIN,,,Николас,,N,,,0,0
10018,5,1,46735976,1331633097,1331633097,1331733311,Z,0000000270,Склад,,0.0,0.0,0.0,0.0,0.0,0.0,0.0,0.0,0.84,1.0,0.84,1.0,1.0,1.0,1.0,1.0,ADMIN,,,"Марио, Тино, Геле",,N,,,0,0
10018,6,1,38154122,1331736176,1331736176,1332236246,Z,0000000271,Склад,,0.0,0.0,0.0,0.0,0.0,0.0,0.0,0.0,0.84,1.0,0.84,1.0,1.0,1.0,1.0,1.0,ADMIN,,,Ники,,N,,,0,0
10018,7,1,43599153,1333633914,1333633914,1333634170,Z,0000000272,Склад,,0.0,0.0,0.0,0.0,0.0,0.0,0.0,0.0,0.84,1.0,0.84,1.0,1.0,1.0,1.0,1.0,ADMIN,,,Ники,,N,,,0,0
10018,8,1,48130473,1333634179,1333634179,1333634236,Z,0000000273,Склад,,0.0,0.0,0.0,0.0,0.0,0.0,0.0,0.0,0.84,1.0,0.84,1.0,1.0,1.0,1.0,1.0,ADMIN,,,Станислав,,N,,,0,0
10018,9,1,42262665,1333940583,1333940583,1333941026,Z,0000000274,Склад,,0.0,0.0,0.0,0.0,0.0,0.0,0.0,0.0,0.84,1.0,0.84,1.0,1.0,1.0,1.0,1.0,ADMIN,,,Геле,,N,,,0,0
10018,10,1,46819271,1333941082,1333941082,1333942163,Z,0000000275,Склад,,0.0,0.0,0.0,0.0,0.0,0.0,0.0,0.0,0.84,1.0,0.84,1.0,1.0,1.0,1.0,1.0,ADMIN,,,Жоро ел.,,N,,,0,0
10018,11,1,46026881,1333941645,1333941645,1333941754,Z,0000000276,Склад,,0.0,0.0,0.0,0.0,0.0,0.0,0.0,0.0,0.84,1.0,0.84,1.0,1.0,1.0,1.0,1.0,ADMIN,,,Тео,,N,,,0,0
10018,12,1,38713333,1333941755,1333941755,1333941826,Z,0000000277,Склад,,0.0,0.0,0.0,0.0,0.0,0.0,0.0,0.0,0.84,1.0,0.84,1.0,1.0,1.0,1.0,1.0,ADMIN,,,Жоро зав.,,N,,,0,0
10018,13,1,40810149,1333941836,1333941836,1333942117,Z,0000000278,Склад,,0.0,0.0,0.0,0.0,0.0,0.0,0.0,0.0,0.84,1.0,0.84,1.0,1.0,1.0,1.0,1.0,ADMIN,,,Ясен,,N,,,0,0
10018,14,1,36277386,1334344431,1334344431,1334344541,Z,0000000279,Склад,,0.0,0.0,0.0,0.0,0.0,0.0,0.0,0.0,0.84,1.0,0.84,1.0,1.0,1.0,1.0,1.0,ADMIN,,,Ачо,,N,,,0,0
10018,15,1,35514040,1335333598,1335333598,1335334643,Z,0000000280,Склад,,0.0,0.0,0.0,0.0,0.0,0.0,0.0,0.0,0.84,1.0,0.84,1.0,1.0,1.0,1.0,1.0,ADMIN,,,21.07 - 24.07,,N,,,0,0
10018,16,1,36750454,1335653633,1335653633,1335654748,Z,0000000281,Склад,,0.0,0.0,0.0,0.0,0.0,0.0,0.0,0.0,0.84,1.0,0.84,1.0,1.0,1.0,1.0,1.0,ADMIN,,,марио,,N,,,0,0
10018,17,1,40845906,1335654820,1335654820,1335656844,Z,0000000282,Склад,,0.0,0.0,0.0,0.0,0.0,0.0,0.0,0.0,0.84,1.0,0.84,1.0,1.0,1.0,1.0,1.0,ADMIN,,,24.07,,N,,,0,0
10018,18,1,39567571,1335656971,1335656971,1335657293,Z,0000000283,Склад,,0.0,0.0,0.0,0.0,0.0,0.0,0.0,0.0,0.84,1.0,0.84,1.0,1.0,1.0,1.0,1.0,ADMIN,,,26.03.2026,,N,,,0,0
10018,19,1,36153563,1335732224,1335732224,1335732858,Z,0000000284,Склад,,0.0,0.0,0.0,0.0,0.0,0.0,0.0,0.0,0.84,1.0,0.84,1.0,1.0,1.0,1.0,1.0,Simeon Spasov,,,Стас,,N,,,0,0
10018,20,1,39581447,1335732996,1335732996,1335735387,Z,0000000285,Склад,,0.0,0.0,0.0,0.0,0.0,0.0,0.0,0.0,0.84,1.0,0.84,1.0,1.0,1.0,1.0,1.0,Simeon Spasov,,,Ради,,N,,,0,0
10018,21,1,34393629,1335735390,1335735390,1335735483,Z,0000000286,Склад,,0.0,0.0,0.0,0.0,0.0,0.0,0.0,0.0,0.84,1.0,0.84,1.0,1.0,1.0,1.0,1.0,Simeon Spasov,,,Пепи,,N,,,0,0
10018,22,1,47840731,1335735491,1335735491,1335735559,Z,0000000287,Склад,,0.0,0.0,0.0,0.0,0.0,0.0,0.0,0.0,0.84,1.0,0.84,1.0,1.0,1.0,1.0,1.0,Simeon Spasov,,,Тино,,N,,,0,0
10018,23,1,42717584,1335735562,1335735562,1335735771,Z,0000000288,Склад,,0.0,0.0,0.0,0.0,0.0,0.0,0.0,0.0,0.84,1.0,0.84,1.0,1.0,1.0,1.0,1.0,Simeon Spasov,,,Ники,,N,,,0,0
10018,24,1,38004089,1327551533,1327551533,1327551564,Z,0000000227, без превозвач,,0.0,0.0,0.0,0.0,0.0,0.0,0.0,0.0,0.84,1.0,0.84,1.0,1.0,1.0,1.0,1.0,ADMIN,,,,,N,,,0,0
10018,25,1,46640737,1335961961,1335961961,1335962568,Z,0000000289,Склад,,0.0,0.0,0.0,0.0,0.0,0.0,0.0,0.0,0.84,1.0,0.84,1.0,1.0,1.0,1.0,1.0,Simeon Spasov,,,Ники 28.07,,N,,,0,0
10018,36,1,46333344,1327562022,1327562022,1327562233,Z,0000000228, без превозвач,,0.0,0.0,0.0,0.0,0.0,0.0,0.0,0.0,0.84,1.0,0.84,1.0,1.0,1.0,1.0,1.0,ADMIN,,,,,N,,,0,0
10959,0,1,40971396,1335962611,1335962611,1335962785,Z,0000000290,Склад,,0.0,0.0,0.0,0.0,0.0,0.0,0.0,0.0,0.84,1.0,0.84,1.0,1.0,1.0,1.0,1.0,Simeon Spasov,,,Нико 30.07,,N,,,0,0
10959,1,1,44542014,1336332886,1336332886,1336333323,Z,0000000291,Склад,,0.0,0.0,0.0,0.0,0.0,0.0,0.0,0.0,0.84,1.0,0.84,1.0,1.0,1.0,1.0,1.0,Simeon Spasov,,,Нико 31.07,,N,,,0,0
10959,2,1,36434261,1336437278,1336437278,1336439012,Z,0000000292,Склад,,0.0,0.0,0.0,0.0,0.0,0.0,0.0,0.0,0.84,1.0,0.84,1.0,1.0,1.0,1.0,1.0,Simeon Spasov,,,Тино 03.08,,N,,,0,0
10959,3,1,46917561,1336439021,1336439021,1336439172,Z,0000000293,Склад,,0.0,0.0,0.0,0.0,0.0,0.0,0.0,0.0,0.84,1.0,0.84,1.0,1.0,1.0,1.0,1.0,Simeon Spasov,,,Ради 03.08,,N,,,0,0
